word_count,sentence_count,Gephi_count,Palladio_count,nodegoat_count,igraph_count,Textexture_count,Netlytic_count,sigma.js_count,Neo4j_count,NetworkX_count,NodeXL_count,Graphviz_count,network_count,infrastructure_count,tool_count,article_length,date_published,issue_index_article_link
491,15,0,0,0,0,0,0,0,0,0,0,0,0,0,6,3767,2022-10-01,http://www.digitalhumanities.org/dhq/vol/16/4/000627/000627.html
1554,55,0,0,0,0,0,0,0,0,0,0,0,0,0,0,11205,2022-10-01,http://www.digitalhumanities.org/dhq/vol/16/4/000643/000643.html
629,19,0,0,0,0,0,0,0,0,0,0,0,0,0,0,5039,2022-10-01,http://www.digitalhumanities.org/dhq/vol/16/4/000647/000647.html
1001,45,0,0,0,0,0,0,0,0,0,0,0,0,0,0,6302,2022-10-01,http://www.digitalhumanities.org/dhq/vol/16/4/000648/000648.html
354,12,0,0,0,0,0,0,0,0,0,0,0,0,0,1,2392,2022-10-01,http://www.digitalhumanities.org/dhq/vol/16/4/000649/000649.html
295,10,0,0,0,0,0,0,0,0,0,0,0,0,0,0,1956,2022-10-01,http://www.digitalhumanities.org/dhq/vol/16/4/000656/000656.html
2076,85,0,0,0,0,0,0,0,0,0,0,0,0,0,8,14660,2022-10-01,http://www.digitalhumanities.org/dhq/vol/16/4/000655/000655.html
814,18,0,0,0,0,0,0,0,0,0,0,0,1,0,0,5754,2022-10-01,http://www.digitalhumanities.org/dhq/vol/16/4/000664/000664.html
1434,62,0,0,0,0,0,0,0,0,0,0,0,2,0,1,10461,2022-07-01,http://www.digitalhumanities.org/dhq/vol/16/3/000645/000645.html
1276,45,0,0,0,0,0,0,0,0,0,0,0,0,0,0,10027,2022-07-01,http://www.digitalhumanities.org/dhq/vol/16/3/000639/000639.html
687,16,0,0,0,0,0,0,0,0,0,0,0,0,0,0,6146,2022-07-01,http://www.digitalhumanities.org/dhq/vol/16/3/000631/000631.html
1323,41,0,0,0,0,0,0,0,0,0,0,0,1,0,2,9512,2022-07-01,http://www.digitalhumanities.org/dhq/vol/16/3/000641/000641.html
2237,79,0,0,0,0,0,0,0,0,0,0,0,0,1,0,16568,2022-07-01,http://www.digitalhumanities.org/dhq/vol/16/3/000634/000634.html
1005,32,0,0,0,0,0,0,0,0,0,0,0,5,1,1,7275,2022-07-01,http://www.digitalhumanities.org/dhq/vol/16/3/000630/000630.html
934,33,0,0,0,0,0,0,0,0,0,0,0,0,0,0,7313,2022-07-01,http://www.digitalhumanities.org/dhq/vol/16/3/000640/000640.html
103,4,0,0,0,0,0,0,0,0,0,0,0,0,0,0,711,2022-07-01,http://www.digitalhumanities.org/dhq/vol/16/3/000638/000638.html
723,22,0,0,0,0,0,0,0,0,0,0,0,0,0,1,4735,2022-07-01,http://www.digitalhumanities.org/dhq/vol/16/3/000642/000642.html
121,4,0,0,0,0,0,0,0,0,0,0,0,0,0,0,835,2022-07-01,http://www.digitalhumanities.org/dhq/vol/16/3/000637/000637.html
147,5,0,0,0,0,0,0,0,0,0,0,0,0,0,0,1055,2022-07-01,http://www.digitalhumanities.org/dhq/vol/16/3/000636/000636.html
279,8,0,0,0,0,0,0,0,0,0,0,0,0,0,0,1883,2022-07-01,http://www.digitalhumanities.org/dhq/vol/16/3/000635/000635.html
272,11,0,0,0,0,0,0,0,0,0,0,0,0,0,1,1721,2022-07-01,http://www.digitalhumanities.org/dhq/vol/16/3/000633/000633.html
40,1,0,0,0,0,0,0,0,0,0,0,0,0,1,0,339,2022-07-01,http://www.digitalhumanities.org/dhq/vol/16/3/000632/000632.html
903,34,0,0,0,0,0,0,0,0,0,0,0,0,0,0,6607,2022-07-01,http://www.digitalhumanities.org/dhq/vol/16/3/000644/000644.html
1278,46,0,0,0,0,0,0,0,0,0,0,0,0,3,8,10595,2022-07-01,http://www.digitalhumanities.org/dhq/vol/16/3/000620/000620.html
782,22,0,0,0,0,0,0,0,0,0,0,0,4,0,10,5706,2022-07-01,http://www.digitalhumanities.org/dhq/vol/16/3/000621/000621.html
1440,70,0,0,0,0,0,0,0,0,0,0,0,0,0,0,10630,2022-07-01,http://www.digitalhumanities.org/dhq/vol/16/3/000622/000622.html
602,22,0,0,0,0,0,0,0,0,0,0,0,1,0,0,4824,2022-07-01,http://www.digitalhumanities.org/dhq/vol/16/3/000623/000623.html
1030,34,0,0,0,0,0,0,0,0,0,0,0,0,0,2,7685,2022-07-01,http://www.digitalhumanities.org/dhq/vol/16/3/000625/000625.html
661,23,0,0,0,0,0,0,0,0,0,0,0,0,0,0,5385,2022-07-01,http://www.digitalhumanities.org/dhq/vol/16/3/000626/000626.html
708,22,0,0,0,0,0,0,0,0,0,0,0,5,0,2,5555,2022-07-01,http://www.digitalhumanities.org/dhq/vol/16/3/000629/000629.html
1195,38,0,0,0,0,0,0,0,0,0,0,0,0,0,4,8597,2022-07-01,http://www.digitalhumanities.org/dhq/vol/16/3/000624/000624.html
911,30,0,0,0,0,0,0,0,0,0,0,0,6,0,0,6541,2022-07-01,http://www.digitalhumanities.org/dhq/vol/16/3/000562/000562.html
188,15,0,0,0,0,0,0,0,0,0,0,0,0,0,0,1460,2022-04-01,http://www.digitalhumanities.org/dhq/vol/16/2/000646/000646.html
1257,43,0,0,0,0,0,0,0,0,0,0,0,1,1,1,9165,2022-04-01,http://www.digitalhumanities.org/dhq/vol/16/2/000596/000596.html
557,20,0,0,0,0,0,0,0,0,0,0,0,0,0,1,4376,2022-04-01,http://www.digitalhumanities.org/dhq/vol/16/2/000600/000600.html
274,9,0,0,0,0,0,0,0,0,0,0,0,2,0,0,2208,2022-04-01,http://www.digitalhumanities.org/dhq/vol/16/2/000594/000594.html
1856,82,0,0,0,0,0,0,0,0,0,0,0,2,2,3,14041,2022-04-01,http://www.digitalhumanities.org/dhq/vol/16/2/000588/000588.html
984,42,0,0,0,0,0,0,0,0,0,0,0,0,0,0,7816,2022-04-01,http://www.digitalhumanities.org/dhq/vol/16/2/000587/000587.html
640,21,0,0,0,0,0,0,0,0,0,0,0,1,2,1,4980,2022-04-01,http://www.digitalhumanities.org/dhq/vol/16/2/000585/000585.html
1180,44,0,0,0,0,0,0,0,0,0,0,0,0,2,2,8997,2022-04-01,http://www.digitalhumanities.org/dhq/vol/16/2/000590/000590.html
1113,30,0,0,0,0,0,0,0,0,0,0,0,0,0,0,9449,2022-04-01,http://www.digitalhumanities.org/dhq/vol/16/2/000608/000608.html
397,9,0,0,0,0,0,0,0,0,0,0,0,0,3,0,3084,2022-04-01,http://www.digitalhumanities.org/dhq/vol/16/2/000591/000591.html
970,33,0,0,0,0,0,0,0,0,0,0,0,0,0,0,7325,2022-04-01,http://www.digitalhumanities.org/dhq/vol/16/2/000589/000589.html
537,16,0,0,0,0,0,0,0,0,0,0,0,0,2,1,4211,2022-04-01,http://www.digitalhumanities.org/dhq/vol/16/2/000593/000593.html
135,6,0,0,0,0,0,0,0,0,0,0,0,0,0,0,1004,2022-04-01,http://www.digitalhumanities.org/dhq/vol/16/2/000584/000584.html
515,21,0,0,0,0,0,0,0,0,0,0,0,1,0,0,4004,2022-04-01,http://www.digitalhumanities.org/dhq/vol/16/2/000592/000592.html
1430,44,0,0,0,0,0,0,0,0,0,0,0,0,0,5,11465,2022-04-01,http://www.digitalhumanities.org/dhq/vol/16/2/000586/000586.html
283,12,0,0,0,0,0,0,0,0,0,0,0,0,0,3,2313,2022-04-01,http://www.digitalhumanities.org/dhq/vol/16/2/000605/000605.html
670,35,0,0,0,0,0,0,0,0,0,0,0,0,0,0,5394,2022-04-01,http://www.digitalhumanities.org/dhq/vol/16/2/000606/000606.html
1010,31,0,0,0,0,0,0,0,0,0,0,0,0,0,2,7436,2022-04-01,http://www.digitalhumanities.org/dhq/vol/16/2/000609/000609.html
208,6,0,0,0,0,0,0,0,0,0,0,0,0,1,0,1696,2022-04-01,http://www.digitalhumanities.org/dhq/vol/16/2/000607/000607.html
1170,48,0,0,0,0,0,0,0,0,0,0,0,1,0,0,8712,2022-04-01,http://www.digitalhumanities.org/dhq/vol/16/2/000613/000613.html
1227,34,0,0,0,0,0,0,0,0,0,0,0,0,0,0,8998,2022-04-01,http://www.digitalhumanities.org/dhq/vol/16/2/000577/000577.html
286,13,0,0,0,0,0,0,0,0,0,0,0,0,0,0,2158,2022-04-01,http://www.digitalhumanities.org/dhq/vol/16/2/000614/000614.html
1579,53,0,0,0,0,0,0,0,0,0,0,0,1,0,0,12604,2022-04-01,http://www.digitalhumanities.org/dhq/vol/16/2/000616/000616.html
2089,64,0,0,0,0,0,0,0,0,0,0,0,1,0,0,16272,2022-04-01,http://www.digitalhumanities.org/dhq/vol/16/2/000615/000615.html
365,13,0,0,0,0,0,0,0,0,0,0,0,0,0,0,2541,2022-04-01,http://www.digitalhumanities.org/dhq/vol/16/2/000619/000619.html
740,25,0,0,0,0,0,0,0,0,0,0,0,1,0,1,6012,2022-04-01,http://www.digitalhumanities.org/dhq/vol/16/2/000550/000550.html
1572,38,0,0,0,0,0,0,0,0,0,0,0,1,0,2,12044,2022-04-01,http://www.digitalhumanities.org/dhq/vol/16/2/000610/000610.html
1421,53,0,0,0,0,0,0,0,0,0,0,0,0,0,10,11433,2022-04-01,http://www.digitalhumanities.org/dhq/vol/16/2/000612/000612.html
511,18,0,0,0,0,0,0,0,0,0,0,0,0,0,0,4320,2022-04-01,http://www.digitalhumanities.org/dhq/vol/16/2/000628/000628.html
121,6,0,0,0,0,0,0,0,0,0,0,0,0,0,1,999,2022-04-01,http://www.digitalhumanities.org/dhq/vol/16/2/000617/000617.html
332,13,0,0,0,0,0,0,0,0,0,0,0,0,0,1,2469,2022-04-01,http://www.digitalhumanities.org/dhq/vol/16/2/000618/000618.html
427,20,1,0,0,0,0,0,0,0,0,0,0,3,0,2,3377,2022-01-01,http://www.digitalhumanities.org/dhq/vol/16/1/000604/000604.html
876,34,0,0,0,0,0,0,0,0,0,0,0,7,0,7,6738,2022-01-01,http://www.digitalhumanities.org/dhq/vol/16/1/000598/000598.html
367,16,0,0,0,0,0,0,0,0,0,0,0,0,0,1,2951,2022-01-01,http://www.digitalhumanities.org/dhq/vol/16/1/000602/000602.html
953,35,0,0,0,0,0,0,0,0,0,0,0,1,1,0,7712,2022-01-01,http://www.digitalhumanities.org/dhq/vol/16/1/000601/000601.html
1361,35,0,0,0,0,0,0,0,0,0,0,0,1,24,0,10299,2022-01-01,http://www.digitalhumanities.org/dhq/vol/16/1/000603/000603.html
1140,39,0,0,0,0,0,0,0,0,0,0,0,0,0,0,8853,2022-01-01,http://www.digitalhumanities.org/dhq/vol/16/1/000599/000599.html
2047,68,0,0,0,0,0,0,0,0,0,0,0,2,0,3,15352,2022-01-01,http://www.digitalhumanities.org/dhq/vol/16/1/000611/000611.html
973,43,0,0,0,0,0,0,0,0,0,0,0,0,0,11,7422,2022-01-01,http://www.digitalhumanities.org/dhq/vol/16/1/000583/000583.html
2854,75,0,0,0,0,0,0,0,0,0,0,0,8,0,3,21063,2022-01-01,http://www.digitalhumanities.org/dhq/vol/16/1/000595/000595.html
926,33,0,0,0,0,0,0,0,0,0,0,0,0,0,1,7384,2021-10-01,http://www.digitalhumanities.org/dhq/vol/15/4/000574/000574.html
1544,37,0,0,0,0,0,0,0,0,0,0,0,3,1,2,13395,2021-10-01,http://www.digitalhumanities.org/dhq/vol/15/4/000566/000566.html
825,26,0,0,0,0,0,0,0,0,0,0,0,0,0,0,6333,2021-10-01,http://www.digitalhumanities.org/dhq/vol/15/4/000578/000578.html
429,19,0,0,0,0,0,0,0,0,0,0,0,0,0,3,3264,2021-10-01,http://www.digitalhumanities.org/dhq/vol/15/4/000579/000579.html
999,58,0,0,0,0,0,0,0,0,0,0,0,2,0,2,8314,2021-10-01,http://www.digitalhumanities.org/dhq/vol/15/4/000581/000581.html
1170,59,0,0,0,0,0,0,0,0,0,0,0,1,0,0,8841,2021-10-01,http://www.digitalhumanities.org/dhq/vol/15/4/000582/000582.html
722,17,0,0,0,0,0,0,0,0,0,0,0,0,1,0,5986,2021-10-01,http://www.digitalhumanities.org/dhq/vol/15/4/000597/000597.html
94,5,0,0,0,0,0,0,0,0,0,0,0,0,0,0,702,2021-10-01,http://www.digitalhumanities.org/dhq/vol/15/4/000575/000575.html
1993,61,0,0,0,0,0,0,0,0,0,0,0,2,0,1,15965,2021-07-01,http://www.digitalhumanities.org/dhq/vol/15/3/000560/000560.html
659,24,0,0,0,0,0,0,0,0,0,0,0,1,0,0,5619,2021-07-01,http://www.digitalhumanities.org/dhq/vol/15/3/000549/000549.html
1318,48,0,0,0,0,0,0,0,0,0,0,0,2,0,1,10197,2021-07-01,http://www.digitalhumanities.org/dhq/vol/15/3/000570/000570.html
103,5,0,0,0,0,0,0,0,0,0,0,0,0,0,0,932,2021-07-01,http://www.digitalhumanities.org/dhq/vol/15/3/000567/000567.html
290,8,0,0,0,0,0,0,0,0,0,0,0,0,0,0,2376,2021-07-01,http://www.digitalhumanities.org/dhq/vol/15/3/000563/000563.html
1615,78,0,0,0,0,0,0,0,0,0,0,0,0,0,0,12109,2021-07-01,http://www.digitalhumanities.org/dhq/vol/15/3/000561/000561.html
836,26,0,0,0,0,0,0,0,0,0,0,0,0,0,0,6836,2021-07-01,http://www.digitalhumanities.org/dhq/vol/15/3/000568/000568.html
1575,55,0,0,0,0,0,0,0,0,0,0,0,0,0,2,12661,2021-07-01,http://www.digitalhumanities.org/dhq/vol/15/3/000554/000554.html
1122,34,0,0,0,0,0,0,0,0,0,0,0,2,0,2,7763,2021-07-01,http://www.digitalhumanities.org/dhq/vol/15/3/000569/000569.html
1743,48,0,0,0,0,0,0,0,0,0,0,0,0,0,0,14171,2021-07-01,http://www.digitalhumanities.org/dhq/vol/15/3/000571/000571.html
628,26,0,0,0,0,0,0,0,0,0,0,0,1,0,6,4724,2021-07-01,http://www.digitalhumanities.org/dhq/vol/15/3/000559/000559.html
179,7,0,0,0,0,0,0,0,0,0,0,0,0,0,0,1279,2021-07-01,http://www.digitalhumanities.org/dhq/vol/15/3/000546/000546.html
929,21,0,0,0,0,0,0,0,0,0,0,0,1,1,0,8257,2021-07-01,http://www.digitalhumanities.org/dhq/vol/15/3/000565/000565.html
2717,45,0,0,0,0,0,0,0,0,0,0,0,3,2,12,20243,2021-07-01,http://www.digitalhumanities.org/dhq/vol/15/3/000572/000572.html
610,20,0,0,0,0,0,0,0,0,0,0,0,0,1,0,4662,2021-04-01,http://www.digitalhumanities.org/dhq/vol/15/2/000556/000556.html
840,30,0,0,0,2,0,0,0,0,0,0,0,0,0,3,6577,2021-04-01,http://www.digitalhumanities.org/dhq/vol/15/2/000558/000558.html
1385,77,0,0,0,0,0,0,0,0,0,0,0,0,0,4,12005,2021-04-01,http://www.digitalhumanities.org/dhq/vol/15/2/000547/000547.html
839,32,0,0,0,0,0,0,0,0,0,0,0,0,0,1,7313,2021-04-01,http://www.digitalhumanities.org/dhq/vol/15/2/000548/000548.html
354,8,0,0,0,0,0,0,0,0,0,0,0,0,0,0,2968,2021-04-01,http://www.digitalhumanities.org/dhq/vol/15/2/000552/000552.html
1596,59,0,0,0,0,0,0,0,0,0,0,0,0,0,4,12390,2021-04-01,http://www.digitalhumanities.org/dhq/vol/15/2/000555/000555.html
819,30,0,0,0,0,0,0,0,0,0,0,0,0,0,1,6402,2021-04-01,http://www.digitalhumanities.org/dhq/vol/15/2/000553/000553.html
141,11,0,0,0,0,0,0,0,0,0,0,0,0,0,0,912,2021-04-01,http://www.digitalhumanities.org/dhq/vol/15/2/000557/000557.html
667,32,0,0,0,0,0,0,0,0,0,0,0,0,0,1,5038,2021-01-01,http://www.digitalhumanities.org/dhq/vol/15/1/000541/000541.html
1598,64,0,0,0,0,0,0,0,0,0,0,0,1,2,4,10786,2021-01-01,http://www.digitalhumanities.org/dhq/vol/15/1/000542/000542.html
1027,26,0,0,0,0,0,0,0,0,0,0,0,0,0,0,7319,2021-01-01,http://www.digitalhumanities.org/dhq/vol/15/1/000515/000515.html
962,27,0,0,0,0,0,0,0,0,0,0,0,0,0,1,6792,2021-01-01,http://www.digitalhumanities.org/dhq/vol/15/1/000507/000507.html
39,1,0,0,0,0,0,0,0,0,0,0,0,0,0,0,293,2021-01-01,http://www.digitalhumanities.org/dhq/vol/15/1/000524/000524.html
943,31,0,0,0,0,0,0,0,0,0,0,0,0,0,0,7220,2021-01-01,http://www.digitalhumanities.org/dhq/vol/15/1/000512/000512.html
456,12,0,0,0,0,0,0,0,0,0,0,0,0,0,0,3632,2021-01-01,http://www.digitalhumanities.org/dhq/vol/15/1/000509/000509.html
993,36,0,0,0,0,0,0,0,0,0,0,0,0,0,1,7274,2021-01-01,http://www.digitalhumanities.org/dhq/vol/15/1/000519/000519.html
1121,41,0,0,0,0,0,0,0,0,0,0,0,0,0,7,8501,2021-01-01,http://www.digitalhumanities.org/dhq/vol/15/1/000523/000523.html
869,51,0,0,0,0,0,0,0,0,0,0,0,8,0,0,6405,2021-01-01,http://www.digitalhumanities.org/dhq/vol/15/1/000504/000504.html
865,27,0,0,0,0,0,0,0,0,0,0,0,1,0,2,6821,2021-01-01,http://www.digitalhumanities.org/dhq/vol/15/1/000516/000516.html
260,11,0,0,0,0,0,0,0,0,0,0,0,0,0,0,1876,2021-01-01,http://www.digitalhumanities.org/dhq/vol/15/1/000505/000505.html
3546,137,0,0,0,0,0,0,0,0,0,0,0,0,0,0,25701,2021-01-01,http://www.digitalhumanities.org/dhq/vol/15/1/000508/000508.html
1014,39,0,0,0,0,0,0,0,0,0,0,0,0,1,3,7219,2021-01-01,http://www.digitalhumanities.org/dhq/vol/15/1/000522/000522.html
749,25,0,0,0,0,0,0,0,0,0,0,0,0,0,1,5338,2021-01-01,http://www.digitalhumanities.org/dhq/vol/15/1/000513/000513.html
463,16,0,0,0,0,0,0,0,0,0,0,0,1,0,0,3388,2021-01-01,http://www.digitalhumanities.org/dhq/vol/15/1/000517/000517.html
570,22,0,0,0,0,0,0,0,0,0,0,0,0,0,0,3919,2021-01-01,http://www.digitalhumanities.org/dhq/vol/15/1/000520/000520.html
272,10,0,0,0,0,0,0,0,0,0,0,0,0,0,0,2061,2021-01-01,http://www.digitalhumanities.org/dhq/vol/15/1/000506/000506.html
546,21,0,0,0,0,0,0,0,0,0,0,0,0,0,7,4228,2021-01-01,http://www.digitalhumanities.org/dhq/vol/15/1/000511/000511.html
993,52,0,0,0,0,0,0,0,0,0,0,0,3,0,7,7205,2021-01-01,http://www.digitalhumanities.org/dhq/vol/15/1/000510/000510.html
488,18,0,0,0,0,0,0,0,0,0,0,0,0,0,0,3574,2021-01-01,http://www.digitalhumanities.org/dhq/vol/15/1/000527/000527.html
542,22,0,0,0,0,0,0,0,0,0,0,0,0,0,0,3979,2021-01-01,http://www.digitalhumanities.org/dhq/vol/15/1/000514/000514.html
1084,30,0,0,0,0,0,0,0,0,0,0,0,1,0,0,7958,2021-01-01,http://www.digitalhumanities.org/dhq/vol/15/1/000521/000521.html
1810,90,0,0,0,0,0,0,0,0,0,0,0,0,3,1,13428,2021-01-01,http://www.digitalhumanities.org/dhq/vol/15/1/000543/000543.html
91,5,0,0,0,0,0,0,0,0,0,0,0,0,0,0,630,2021-01-01,http://www.digitalhumanities.org/dhq/vol/15/1/000551/000551.html
333,15,0,0,0,0,0,0,0,0,0,0,0,0,0,0,2742,2021-01-01,http://www.digitalhumanities.org/dhq/vol/15/1/000525/000525.html
1323,43,0,0,0,2,0,0,0,0,0,0,0,0,0,0,9631,2021-01-01,http://www.digitalhumanities.org/dhq/vol/15/1/000538/000538.html
400,15,0,0,0,0,0,0,0,0,0,0,0,0,0,0,3133,2021-01-01,http://www.digitalhumanities.org/dhq/vol/15/1/000539/000539.html
771,42,0,0,0,0,0,0,0,0,0,0,0,0,0,0,5911,2021-01-01,http://www.digitalhumanities.org/dhq/vol/15/1/000526/000526.html
3441,147,0,0,0,0,0,0,0,0,0,0,0,0,0,0,26990,2021-01-01,http://www.digitalhumanities.org/dhq/vol/15/1/000537/000537.html
502,19,0,0,0,0,0,0,0,0,0,0,0,0,0,0,4183,2021-01-01,http://www.digitalhumanities.org/dhq/vol/15/1/000544/000544.html
564,16,0,0,0,0,0,0,0,0,0,0,0,0,0,0,4161,2021-01-01,http://www.digitalhumanities.org/dhq/vol/15/1/000545/000545.html
16918,651,0,0,0,0,0,0,0,0,0,0,0,15,2,82,136644,2021-01-01,http://www.digitalhumanities.org/dhq/vol/15/1/000501/000501.html
1328,61,0,0,0,0,0,0,0,0,0,0,0,2,2,17,10467,2021-01-01,http://www.digitalhumanities.org/dhq/vol/15/1/000536/000536.html
10229,362,0,0,0,0,0,0,0,0,0,0,0,2,2,2,79328,2021-01-01,http://www.digitalhumanities.org/dhq/vol/15/1/000540/000540.html
1077,37,2,18,0,0,0,0,0,0,0,0,0,13,0,11,8191,2021-01-01,http://www.digitalhumanities.org/dhq/vol/15/1/000534/000534.html
100,2,0,0,0,0,0,0,0,0,0,0,0,1,0,0,839,2021-01-01,http://www.digitalhumanities.org/dhq/vol/15/1/000535/000535.html
1228,36,0,0,0,0,0,0,0,0,0,0,0,2,0,2,10501,2021-01-01,http://www.digitalhumanities.org/dhq/vol/15/1/000530/000530.html
360,14,0,0,0,0,0,0,0,0,0,0,0,0,0,0,2971,2020-10-01,http://www.digitalhumanities.org/dhq/vol/14/4/000531/000531.html
542,23,0,0,0,0,0,0,0,0,0,0,0,0,0,1,4547,2020-10-01,http://www.digitalhumanities.org/dhq/vol/14/4/000482/000482.html
1179,38,0,0,0,0,0,0,0,0,0,0,0,0,0,0,9837,2020-10-01,http://www.digitalhumanities.org/dhq/vol/14/4/000502/000502.html
2204,78,0,0,0,0,0,0,0,0,0,0,0,1,0,1,18567,2020-10-01,http://www.digitalhumanities.org/dhq/vol/14/4/000491/000491.html
959,31,0,0,0,0,0,0,0,0,0,0,0,0,0,6,7106,2020-10-01,http://www.digitalhumanities.org/dhq/vol/14/4/000494/000494.html
698,22,0,0,0,0,0,0,0,0,0,0,0,1,0,0,5674,2020-10-01,http://www.digitalhumanities.org/dhq/vol/14/4/000529/000529.html
667,22,0,0,0,0,0,0,0,0,0,0,0,0,0,3,5219,2020-10-01,http://www.digitalhumanities.org/dhq/vol/14/4/000490/000490.html
1459,50,0,0,0,0,0,0,0,0,0,0,0,0,3,0,11591,2020-10-01,http://www.digitalhumanities.org/dhq/vol/14/4/000532/000532.html
700,23,0,0,0,0,0,0,0,0,0,0,0,0,0,1,6566,2020-10-01,http://www.digitalhumanities.org/dhq/vol/14/4/000495/000495.html
3931,135,0,0,0,0,0,0,0,0,0,0,0,0,0,4,31598,2020-10-01,http://www.digitalhumanities.org/dhq/vol/14/4/000496/000496.html
1496,56,0,0,0,1,0,0,0,0,0,0,0,0,0,2,11625,2020-10-01,http://www.digitalhumanities.org/dhq/vol/14/4/000497/000497.html
890,27,0,0,0,0,0,0,0,0,0,0,0,0,0,0,7444,2020-10-01,http://www.digitalhumanities.org/dhq/vol/14/4/000498/000498.html
616,27,0,0,0,0,0,0,0,0,0,0,0,1,0,0,4623,2020-10-01,http://www.digitalhumanities.org/dhq/vol/14/4/000499/000499.html
413,15,0,0,0,0,0,0,0,0,0,0,0,0,0,4,3405,2020-10-01,http://www.digitalhumanities.org/dhq/vol/14/4/000500/000500.html
1065,48,0,0,0,0,0,0,0,0,0,0,0,0,0,6,8340,2020-10-01,http://www.digitalhumanities.org/dhq/vol/14/4/000518/000518.html
356,14,0,0,0,0,0,0,0,0,0,0,0,0,0,0,2968,2020-10-01,http://www.digitalhumanities.org/dhq/vol/14/4/000528/000528.html
1155,37,0,0,0,0,0,0,0,0,0,0,0,0,0,3,8770,2020-10-01,http://www.digitalhumanities.org/dhq/vol/14/4/000503/000503.html
2370,68,0,0,0,0,0,0,0,0,0,0,0,1,1,2,17665,2020-10-01,http://www.digitalhumanities.org/dhq/vol/14/4/000533/000533.html
178,4,0,0,0,0,0,0,0,0,0,0,0,1,0,0,1458,2020-10-01,http://www.digitalhumanities.org/dhq/vol/14/4/000437/000437.html
2051,65,0,0,0,0,0,0,0,0,0,0,0,2,9,5,17713,2020-07-01,http://www.digitalhumanities.org/dhq/vol/14/3/000485/000485.html
609,17,0,0,0,0,0,0,0,0,0,0,0,0,18,1,5047,2020-07-01,http://www.digitalhumanities.org/dhq/vol/14/3/000463/000463.html
679,21,0,0,0,0,0,0,0,0,0,0,0,0,4,1,7757,2020-07-01,http://www.digitalhumanities.org/dhq/vol/14/3/000466/000466.html
408,14,0,0,0,0,0,0,0,0,0,0,0,0,0,1,3338,2020-07-01,http://www.digitalhumanities.org/dhq/vol/14/3/000465/000465.html
982,33,0,0,0,0,0,0,0,0,0,0,0,2,1,0,8316,2020-07-01,http://www.digitalhumanities.org/dhq/vol/14/3/000464/000464.html
666,27,0,0,0,0,0,0,0,0,0,0,0,0,1,0,5094,2020-07-01,http://www.digitalhumanities.org/dhq/vol/14/3/000468/000468.html
683,26,0,0,0,0,0,0,0,0,0,0,0,0,4,2,5676,2020-07-01,http://www.digitalhumanities.org/dhq/vol/14/3/000471/000471.html
296,11,0,0,0,0,0,0,0,0,0,0,0,0,1,0,2321,2020-07-01,http://www.digitalhumanities.org/dhq/vol/14/3/000479/000479.html
455,15,0,0,0,0,0,0,0,0,0,0,0,0,0,0,3437,2020-07-01,http://www.digitalhumanities.org/dhq/vol/14/3/000470/000470.html
1435,54,0,0,0,0,0,0,0,0,0,0,0,0,3,5,12901,2020-07-01,http://www.digitalhumanities.org/dhq/vol/14/3/000472/000472.html
756,27,0,0,0,0,0,0,0,0,0,0,0,0,0,0,6237,2020-07-01,http://www.digitalhumanities.org/dhq/vol/14/3/000478/000478.html
784,26,0,0,0,0,0,0,0,0,0,0,0,0,1,0,6291,2020-07-01,http://www.digitalhumanities.org/dhq/vol/14/3/000473/000473.html
1109,34,0,0,0,0,0,0,0,0,0,0,0,2,2,2,10025,2020-07-01,http://www.digitalhumanities.org/dhq/vol/14/3/000480/000480.html
1751,68,0,0,0,0,0,0,0,0,0,0,0,0,0,5,13278,2020-07-01,http://www.digitalhumanities.org/dhq/vol/14/3/000474/000474.html
1257,55,0,0,0,0,0,0,0,0,0,0,0,1,0,0,9529,2020-07-01,http://www.digitalhumanities.org/dhq/vol/14/3/000476/000476.html
1454,46,0,0,0,0,0,0,0,0,0,0,0,0,7,4,11898,2020-07-01,http://www.digitalhumanities.org/dhq/vol/14/3/000477/000477.html
701,26,0,0,0,0,0,0,0,0,0,0,0,0,8,0,5297,2020-07-01,http://www.digitalhumanities.org/dhq/vol/14/3/000481/000481.html
553,22,0,0,0,0,0,0,0,0,0,0,0,0,0,0,4416,2020-07-01,http://www.digitalhumanities.org/dhq/vol/14/3/000483/000483.html
1069,34,0,0,0,0,0,0,0,0,0,0,0,0,2,2,8331,2020-07-01,http://www.digitalhumanities.org/dhq/vol/14/3/000484/000484.html
660,26,0,0,0,0,0,0,0,0,0,0,0,0,0,0,5147,2020-07-01,http://www.digitalhumanities.org/dhq/vol/14/3/000456/000456.html
600,23,0,0,0,0,0,0,0,0,0,0,0,0,0,0,4852,2020-07-01,http://www.digitalhumanities.org/dhq/vol/14/3/000487/000487.html
1534,43,0,0,0,0,0,0,0,0,0,0,0,1,0,0,12187,2020-07-01,http://www.digitalhumanities.org/dhq/vol/14/3/000489/000489.html
2544,86,0,0,0,0,0,0,0,0,0,0,0,0,0,1,18670,2020-07-01,http://www.digitalhumanities.org/dhq/vol/14/3/000486/000486.html
482,16,0,0,0,0,0,0,0,0,0,0,0,0,1,5,3055,2020-04-01,http://www.digitalhumanities.org/dhq/vol/14/2/000493/000493.html
191,4,0,0,0,0,0,0,0,0,0,0,0,0,0,0,1706,2020-04-01,http://www.digitalhumanities.org/dhq/vol/14/2/000460/000460.html
390,11,0,0,0,0,0,0,0,0,0,0,0,0,0,0,3867,2020-04-01,http://www.digitalhumanities.org/dhq/vol/14/2/000452/000452.html
125,5,0,0,0,0,0,0,0,0,0,0,0,0,0,0,1047,2020-04-01,http://www.digitalhumanities.org/dhq/vol/14/2/000453/000453.html
1086,43,0,0,0,0,0,0,0,0,0,0,0,0,0,0,8810,2020-04-01,http://www.digitalhumanities.org/dhq/vol/14/2/000458/000458.html
1170,35,0,0,0,0,0,0,0,0,0,0,0,0,0,0,9267,2020-04-01,http://www.digitalhumanities.org/dhq/vol/14/2/000457/000457.html
3848,122,0,0,0,0,0,0,0,0,0,0,0,0,2,0,30878,2020-04-01,http://www.digitalhumanities.org/dhq/vol/14/2/000459/000459.html
279,8,0,0,0,0,0,0,0,0,0,0,0,0,0,0,2327,2020-04-01,http://www.digitalhumanities.org/dhq/vol/14/2/000467/000467.html
1327,41,0,0,0,0,0,0,0,0,0,0,0,1,1,0,10891,2020-04-01,http://www.digitalhumanities.org/dhq/vol/14/2/000455/000455.html
401,23,0,0,0,0,0,0,0,0,0,0,0,0,0,0,3311,2020-04-01,http://www.digitalhumanities.org/dhq/vol/14/2/000469/000469.html
673,27,0,0,0,0,0,0,0,0,0,0,0,0,0,4,5556,2020-04-01,http://www.digitalhumanities.org/dhq/vol/14/2/000454/000454.html
1022,30,0,0,0,0,0,0,0,0,0,0,0,0,0,5,8350,2020-04-01,http://www.digitalhumanities.org/dhq/vol/14/2/000461/000461.html
1169,60,0,0,0,0,0,0,0,0,0,0,0,0,0,0,8546,2020-04-01,http://www.digitalhumanities.org/dhq/vol/14/2/000445/000445.html
319,14,0,0,0,0,0,0,0,0,0,0,0,2,0,0,2559,2020-04-01,http://www.digitalhumanities.org/dhq/vol/14/2/000451/000451.html
729,27,0,0,0,0,0,0,0,0,0,0,0,0,0,1,6346,2020-04-01,http://www.digitalhumanities.org/dhq/vol/14/2/000462/000462.html
1425,47,0,0,0,0,0,0,0,0,0,0,0,0,0,1,11192,2020-04-01,http://www.digitalhumanities.org/dhq/vol/14/2/000475/000475.html
236,9,0,0,0,0,0,0,0,0,0,0,0,0,0,0,1474,2020-01-01,http://www.digitalhumanities.org/dhq/vol/14/1/000846/000846.html
1408,50,0,0,0,0,0,0,0,0,0,0,0,0,0,2,11999,2020-01-01,http://www.digitalhumanities.org/dhq/vol/14/1/000443/000443.html
428,13,0,0,0,0,0,0,0,0,0,0,0,0,0,0,3514,2020-01-01,http://www.digitalhumanities.org/dhq/vol/14/1/000444/000444.html
1149,41,0,0,0,0,0,0,0,0,0,0,0,0,0,3,10280,2020-01-01,http://www.digitalhumanities.org/dhq/vol/14/1/000448/000448.html
1681,73,0,0,0,0,0,0,0,0,0,0,0,0,1,5,13636,2020-01-01,http://www.digitalhumanities.org/dhq/vol/14/1/000450/000450.html
674,25,0,0,0,0,0,0,0,0,0,0,0,0,0,0,5621,2020-01-01,http://www.digitalhumanities.org/dhq/vol/14/1/000447/000447.html
568,16,0,0,0,0,0,0,0,0,0,0,0,0,0,0,5167,2020-01-01,http://www.digitalhumanities.org/dhq/vol/14/1/000442/000442.html
600,20,0,0,0,0,0,0,0,0,0,0,0,0,0,0,5281,2020-01-01,http://www.digitalhumanities.org/dhq/vol/14/1/000449/000449.html
299,31,0,0,0,0,0,0,0,0,0,0,0,0,0,0,2750,2020-01-01,http://www.digitalhumanities.org/dhq/vol/14/1/000446/000446.html
905,34,0,0,0,0,0,0,0,0,0,0,0,0,0,1,7165,2019-10-01,http://www.digitalhumanities.org/dhq/vol/13/4/000436/000436.html
10619,276,0,0,0,0,0,0,0,0,0,0,0,2,0,1,85841,2019-10-01,http://www.digitalhumanities.org/dhq/vol/13/4/000434/000434.html
860,35,0,0,0,0,0,0,0,0,0,0,0,0,0,2,6752,2019-10-01,http://www.digitalhumanities.org/dhq/vol/13/4/000438/000438.html
538,23,0,0,0,0,0,0,0,0,0,0,0,0,0,0,4256,2019-10-01,http://www.digitalhumanities.org/dhq/vol/13/4/000440/000440.html
1797,54,0,0,0,0,0,0,0,0,0,0,0,0,3,1,16571,2019-10-01,http://www.digitalhumanities.org/dhq/vol/13/4/000441/000441.html
274,6,0,0,0,0,0,0,0,0,0,0,0,0,0,0,2061,2019-10-01,http://www.digitalhumanities.org/dhq/vol/13/4/000433/000433.html
124,4,0,0,0,0,0,0,0,0,0,0,0,0,0,0,1008,2019-10-01,http://www.digitalhumanities.org/dhq/vol/13/4/000435/000435.html
174,4,0,0,0,0,0,0,0,0,0,0,0,0,0,0,1328,2019-10-01,http://www.digitalhumanities.org/dhq/vol/13/4/000439/000439.html
692,24,0,0,0,0,0,0,0,0,0,0,0,0,1,9,5630,2019-07-01,http://www.digitalhumanities.org/dhq/vol/13/3/000375/000375.html
379,21,0,0,0,0,0,0,0,0,0,0,0,0,0,0,3404,2019-07-01,http://www.digitalhumanities.org/dhq/vol/13/3/000414/000414.html
858,32,0,0,0,0,0,0,0,0,0,0,0,0,0,3,6640,2019-07-01,http://www.digitalhumanities.org/dhq/vol/13/3/000426/000426.html
779,27,0,0,0,0,0,0,0,0,0,0,0,0,0,0,6329,2019-07-01,http://www.digitalhumanities.org/dhq/vol/13/3/000428/000428.html
1667,46,0,0,0,0,0,0,0,0,0,0,0,1,1,1,13185,2019-07-01,http://www.digitalhumanities.org/dhq/vol/13/3/000427/000427.html
1002,46,0,0,0,0,0,0,0,0,0,0,0,0,0,2,8241,2019-07-01,http://www.digitalhumanities.org/dhq/vol/13/3/000430/000430.html
2179,89,0,0,0,0,0,0,0,0,0,0,0,1,0,1,18190,2019-07-01,http://www.digitalhumanities.org/dhq/vol/13/3/000431/000431.html
8315,336,0,0,0,0,0,0,0,0,0,0,0,0,0,6,71639,2019-07-01,http://www.digitalhumanities.org/dhq/vol/13/3/000423/000423.html
227,7,0,0,0,0,0,0,0,0,0,0,0,1,0,0,1729,2019-07-01,http://www.digitalhumanities.org/dhq/vol/13/3/000429/000429.html
942,20,0,0,0,0,0,0,0,0,0,0,0,0,2,0,8543,2019-04-01,http://www.digitalhumanities.org/dhq/vol/13/2/000416/000416.html
382,15,0,0,0,0,0,0,0,0,0,0,0,0,0,0,3294,2019-04-01,http://www.digitalhumanities.org/dhq/vol/13/2/000418/000418.html
726,24,0,0,0,0,0,0,0,0,0,0,0,2,0,0,6325,2019-04-01,http://www.digitalhumanities.org/dhq/vol/13/2/000420/000420.html
914,29,0,0,0,0,0,0,0,0,0,0,0,0,0,6,7640,2019-04-01,http://www.digitalhumanities.org/dhq/vol/13/2/000421/000421.html
1220,43,0,0,0,0,0,0,0,0,0,0,0,2,1,0,10108,2019-04-01,http://www.digitalhumanities.org/dhq/vol/13/2/000419/000419.html
207,6,0,0,0,0,0,0,0,0,0,0,0,0,2,0,1835,2019-04-01,http://www.digitalhumanities.org/dhq/vol/13/2/000417/000417.html
1028,27,0,0,0,0,0,0,0,0,0,0,0,2,1,1,8823,2019-04-01,http://www.digitalhumanities.org/dhq/vol/13/2/000425/000425.html
1011,37,0,0,0,0,0,0,0,0,0,0,0,5,0,0,8734,2019-04-01,http://www.digitalhumanities.org/dhq/vol/13/2/000422/000422.html
464,14,0,0,0,0,0,0,0,0,0,0,0,1,3,1,3870,2019-01-01,http://www.digitalhumanities.org/dhq/vol/13/1/000411/000411.html
582,23,0,0,0,0,0,0,0,0,0,0,0,2,0,1,4729,2019-01-01,http://www.digitalhumanities.org/dhq/vol/13/1/000412/000412.html
457,14,0,0,0,0,0,0,0,0,0,0,0,0,0,2,3738,2019-01-01,http://www.digitalhumanities.org/dhq/vol/13/1/000415/000415.html
181,5,0,0,0,0,0,0,0,0,0,0,0,0,0,0,1591,2019-01-01,http://www.digitalhumanities.org/dhq/vol/13/1/000381/000381.html
512,18,0,0,0,0,0,0,0,0,0,0,0,1,0,0,4426,2019-01-01,http://www.digitalhumanities.org/dhq/vol/13/1/000413/000413.html
813,32,0,0,0,0,0,0,0,0,0,0,0,0,0,1,6401,2019-01-01,http://www.digitalhumanities.org/dhq/vol/13/1/000409/000409.html
59,1,0,0,0,0,0,0,0,0,0,0,0,0,0,0,405,2019-01-01,http://www.digitalhumanities.org/dhq/vol/13/1/000410/000410.html
340,16,0,0,0,0,0,0,0,0,0,0,0,0,0,2,2890,2018-10-01,http://www.digitalhumanities.org/dhq/vol/12/4/000403/000403.html
1201,35,0,0,0,0,0,0,0,0,0,0,0,0,0,2,10336,2018-10-01,http://www.digitalhumanities.org/dhq/vol/12/4/000402/000402.html
2444,81,0,0,0,0,0,0,0,0,0,0,0,0,0,7,21783,2018-10-01,http://www.digitalhumanities.org/dhq/vol/12/4/000404/000404.html
567,22,0,0,0,0,0,0,0,0,0,0,0,0,0,1,4898,2018-10-01,http://www.digitalhumanities.org/dhq/vol/12/4/000406/000406.html
212,6,0,0,0,0,0,0,0,0,0,0,0,0,0,2,1820,2018-10-01,http://www.digitalhumanities.org/dhq/vol/12/4/000405/000405.html
1097,54,0,0,0,0,0,0,0,0,0,0,0,0,0,0,9214,2018-10-01,http://www.digitalhumanities.org/dhq/vol/12/4/000407/000407.html
3122,87,0,0,0,0,0,0,0,0,0,0,0,5,14,21,27653,2018-10-01,http://www.digitalhumanities.org/dhq/vol/12/4/000401/000401.html
139,7,0,0,0,0,0,0,0,0,0,0,0,0,0,0,1282,2018-10-01,http://www.digitalhumanities.org/dhq/vol/12/4/000400/000400.html
896,27,0,0,0,0,0,0,0,0,0,0,0,0,0,1,7714,2018-10-01,http://www.digitalhumanities.org/dhq/vol/12/4/000408/000408.html
1871,68,0,0,0,0,0,0,0,0,0,0,0,0,3,7,16186,2018-07-01,http://www.digitalhumanities.org/dhq/vol/12/3/000396/000396.html
484,21,0,0,0,0,0,0,0,0,0,0,0,0,0,2,4408,2018-07-01,http://www.digitalhumanities.org/dhq/vol/12/3/000398/000398.html
599,19,0,0,0,0,0,0,0,0,0,0,0,0,0,0,5184,2018-07-01,http://www.digitalhumanities.org/dhq/vol/12/3/000395/000395.html
676,23,0,0,0,1,0,0,0,0,0,0,0,0,0,0,5828,2018-07-01,http://www.digitalhumanities.org/dhq/vol/12/3/000385/000385.html
328,10,0,0,0,0,0,0,0,0,0,0,0,1,0,2,2860,2018-07-01,http://www.digitalhumanities.org/dhq/vol/12/3/000384/000384.html
109,4,0,0,0,0,0,0,0,0,0,0,0,0,0,0,912,2018-07-01,http://www.digitalhumanities.org/dhq/vol/12/3/000383/000383.html
1240,37,0,0,0,0,0,0,0,0,0,0,0,0,1,9,10921,2018-07-01,http://www.digitalhumanities.org/dhq/vol/12/3/000399/000399.html
58,4,0,0,0,0,0,0,0,0,0,0,0,0,0,0,768,2018-07-01,http://www.digitalhumanities.org/dhq/vol/12/3/000397/000397.html
1192,37,0,0,0,0,0,0,0,0,0,0,0,0,0,6,8869,2018-04-01,http://www.digitalhumanities.org/dhq/vol/12/2/000393/000393.html
1593,42,0,0,0,0,0,0,0,0,0,0,0,0,0,1,12615,2018-04-01,http://www.digitalhumanities.org/dhq/vol/12/2/000388/000388.html
566,23,0,0,0,0,0,0,0,0,0,0,0,0,1,0,4324,2018-04-01,http://www.digitalhumanities.org/dhq/vol/12/2/000389/000389.html
546,22,0,0,0,0,0,0,0,0,0,0,0,0,0,0,4336,2018-04-01,http://www.digitalhumanities.org/dhq/vol/12/2/000390/000390.html
486,14,0,0,0,0,0,0,0,0,0,0,0,0,0,2,4368,2018-04-01,http://www.digitalhumanities.org/dhq/vol/12/2/000386/000386.html
1059,31,0,0,0,0,0,0,0,0,0,0,0,0,0,1,8746,2018-04-01,http://www.digitalhumanities.org/dhq/vol/12/2/000387/000387.html
2075,81,0,0,0,1,0,0,0,0,0,0,0,0,0,2,17253,2018-04-01,http://www.digitalhumanities.org/dhq/vol/12/2/000394/000394.html
1558,57,0,0,0,0,0,0,0,0,0,0,0,2,1,0,12839,2018-04-01,http://www.digitalhumanities.org/dhq/vol/12/2/000391/000391.html
351,8,0,0,0,0,0,0,0,0,0,0,0,0,3,4,3012,2018-04-01,http://www.digitalhumanities.org/dhq/vol/12/2/000374/000374.html
651,22,0,0,0,0,0,0,0,0,0,0,0,8,1,0,5303,2018-04-01,http://www.digitalhumanities.org/dhq/vol/12/2/000376/000376.html
442,23,0,0,0,0,0,0,0,0,0,0,0,0,1,0,3788,2018-04-01,http://www.digitalhumanities.org/dhq/vol/12/2/000377/000377.html
154,7,0,0,0,0,0,0,0,0,0,0,0,0,0,0,1177,2018-04-01,http://www.digitalhumanities.org/dhq/vol/12/2/000380/000380.html
1086,27,0,0,0,0,0,0,0,0,0,0,0,0,0,0,8767,2018-04-01,http://www.digitalhumanities.org/dhq/vol/12/2/000382/000382.html
297,13,0,0,0,0,0,0,0,0,0,0,0,1,0,0,2526,2018-04-01,http://www.digitalhumanities.org/dhq/vol/12/2/000379/000379.html
838,26,0,0,0,0,0,0,0,0,0,0,0,0,0,6,6941,2018-04-01,http://www.digitalhumanities.org/dhq/vol/12/2/000392/000392.html
713,21,0,0,0,0,0,0,0,0,0,0,0,1,3,0,5456,2018-04-01,http://www.digitalhumanities.org/dhq/vol/12/2/000378/000378.html
117,3,0,0,0,0,0,0,0,0,0,0,0,0,0,0,990,2018-01-01,http://www.digitalhumanities.org/dhq/vol/12/1/000345/000345.html
406,18,0,0,0,0,0,0,0,0,0,0,0,0,0,0,3677,2018-01-01,http://www.digitalhumanities.org/dhq/vol/12/1/000346/000346.html
925,23,0,0,0,0,0,0,0,0,0,0,0,0,0,0,9250,2018-01-01,http://www.digitalhumanities.org/dhq/vol/12/1/000347/000347.html
643,19,0,0,0,0,0,0,0,0,0,0,0,0,0,0,6195,2018-01-01,http://www.digitalhumanities.org/dhq/vol/12/1/000352/000352.html
772,28,0,0,0,0,0,0,0,0,0,0,0,0,0,0,6877,2018-01-01,http://www.digitalhumanities.org/dhq/vol/12/1/000353/000353.html
578,26,0,0,0,0,0,0,0,0,0,0,0,0,0,0,5289,2018-01-01,http://www.digitalhumanities.org/dhq/vol/12/1/000355/000355.html
1676,52,0,0,0,0,0,0,0,0,0,0,0,0,1,0,14480,2018-01-01,http://www.digitalhumanities.org/dhq/vol/12/1/000366/000366.html
340,14,0,0,0,0,0,0,0,0,0,0,0,0,0,0,2899,2018-01-01,http://www.digitalhumanities.org/dhq/vol/12/1/000362/000362.html
2410,77,0,0,0,0,0,0,0,0,0,0,0,0,0,0,20002,2018-01-01,http://www.digitalhumanities.org/dhq/vol/12/1/000348/000348.html
788,23,0,0,0,0,0,0,0,0,0,0,0,0,0,0,6800,2018-01-01,http://www.digitalhumanities.org/dhq/vol/12/1/000359/000359.html
547,13,0,0,0,0,0,0,0,0,0,0,0,0,0,0,4725,2018-01-01,http://www.digitalhumanities.org/dhq/vol/12/1/000363/000363.html
379,14,0,0,0,0,0,0,0,0,0,0,0,0,0,0,3270,2018-01-01,http://www.digitalhumanities.org/dhq/vol/12/1/000367/000367.html
633,21,0,0,0,0,0,0,0,0,0,0,0,0,0,0,5639,2018-01-01,http://www.digitalhumanities.org/dhq/vol/12/1/000365/000365.html
1480,40,0,0,0,0,0,0,0,0,0,0,0,0,0,0,12184,2018-01-01,http://www.digitalhumanities.org/dhq/vol/12/1/000357/000357.html
667,17,0,0,0,0,0,0,0,0,0,0,0,0,0,0,5180,2018-01-01,http://www.digitalhumanities.org/dhq/vol/12/1/000364/000364.html
424,14,0,0,0,0,0,0,0,0,0,0,0,0,0,0,3723,2018-01-01,http://www.digitalhumanities.org/dhq/vol/12/1/000349/000349.html
1035,33,0,0,0,0,0,0,0,0,0,0,0,0,0,0,8594,2018-01-01,http://www.digitalhumanities.org/dhq/vol/12/1/000354/000354.html
838,38,0,0,0,0,0,0,0,0,0,0,0,0,0,0,7283,2018-01-01,http://www.digitalhumanities.org/dhq/vol/12/1/000351/000351.html
3076,93,0,0,0,0,0,0,0,0,0,0,0,0,0,1,24575,2018-01-01,http://www.digitalhumanities.org/dhq/vol/12/1/000372/000372.html
1075,37,0,0,0,0,0,0,0,0,0,0,0,0,1,2,8856,2018-01-01,http://www.digitalhumanities.org/dhq/vol/12/1/000373/000373.html
391,18,0,0,0,0,0,0,0,0,0,0,0,0,0,0,3197,2018-01-01,http://www.digitalhumanities.org/dhq/vol/12/1/000368/000368.html
1246,40,0,0,0,0,0,0,0,0,0,0,0,0,0,0,9989,2018-01-01,http://www.digitalhumanities.org/dhq/vol/12/1/000371/000371.html
1047,51,0,0,0,0,0,0,0,0,0,0,0,0,0,0,8601,2018-01-01,http://www.digitalhumanities.org/dhq/vol/12/1/000369/000369.html
66,3,0,0,0,0,0,0,0,0,0,0,0,0,0,0,588,2018-01-01,http://www.digitalhumanities.org/dhq/vol/12/1/000370/000370.html
138,6,0,0,0,0,0,0,0,0,0,0,0,0,0,0,1097,2017-10-01,http://www.digitalhumanities.org/dhq/vol/11/4/000326/000326.html
417,17,0,0,0,0,0,0,0,0,0,0,0,0,0,3,3385,2017-10-01,http://www.digitalhumanities.org/dhq/vol/11/4/000327/000327.html
238,11,0,0,0,0,0,0,0,0,0,0,0,0,0,0,1945,2017-10-01,http://www.digitalhumanities.org/dhq/vol/11/4/000328/000328.html
727,28,0,0,0,0,0,0,0,0,0,0,0,0,0,0,6341,2017-10-01,http://www.digitalhumanities.org/dhq/vol/11/4/000338/000338.html
2406,91,0,0,0,0,0,0,0,0,0,0,0,1,1,4,22869,2017-10-01,http://www.digitalhumanities.org/dhq/vol/11/4/000341/000341.html
696,33,0,0,0,0,0,0,0,0,0,0,0,0,0,1,5612,2017-10-01,http://www.digitalhumanities.org/dhq/vol/11/4/000342/000342.html
1010,51,0,0,0,0,0,0,0,0,0,0,0,0,0,3,8504,2017-10-01,http://www.digitalhumanities.org/dhq/vol/11/4/000343/000343.html
1476,61,0,0,0,0,0,0,0,0,0,0,0,0,0,1,12451,2017-10-01,http://www.digitalhumanities.org/dhq/vol/11/4/000339/000339.html
2424,85,0,0,0,0,0,0,0,0,0,0,0,0,0,0,21066,2017-10-01,http://www.digitalhumanities.org/dhq/vol/11/4/000340/000340.html
1576,59,0,0,0,0,0,0,0,0,0,0,0,3,0,2,14262,2017-10-01,http://www.digitalhumanities.org/dhq/vol/11/4/000344/000344.html
2755,107,0,0,0,0,0,0,0,0,0,0,0,0,0,4,22448,2017-10-01,http://www.digitalhumanities.org/dhq/vol/11/4/000313/000313.html
266,10,0,0,0,0,0,0,0,0,0,0,0,0,0,0,2158,2017-10-01,http://www.digitalhumanities.org/dhq/vol/11/4/000350/000350.html
1331,44,0,0,0,0,0,0,0,0,0,0,0,0,0,7,11240,2017-10-01,http://www.digitalhumanities.org/dhq/vol/11/4/000358/000358.html
550,22,0,0,0,0,0,0,0,0,0,0,0,10,2,0,4778,2017-10-01,http://www.digitalhumanities.org/dhq/vol/11/4/000361/000361.html
111,4,0,0,0,0,0,0,0,0,0,0,0,0,0,0,855,2017-07-01,http://www.digitalhumanities.org/dhq/vol/11/3/000334/000334.html
502,22,0,0,0,0,0,0,0,0,0,0,0,0,0,0,4511,2017-07-01,http://www.digitalhumanities.org/dhq/vol/11/3/000311/000311.html
181,5,0,0,0,0,0,0,0,0,0,0,0,0,0,0,1629,2017-07-01,http://www.digitalhumanities.org/dhq/vol/11/3/000303/000303.html
402,17,0,0,0,0,0,0,0,0,0,0,0,1,1,0,3557,2017-07-01,http://www.digitalhumanities.org/dhq/vol/11/3/000302/000302.html
203,7,0,0,0,0,0,0,0,0,0,0,0,0,0,0,1818,2017-07-01,http://www.digitalhumanities.org/dhq/vol/11/3/000330/000330.html
895,26,0,0,0,0,0,0,0,0,0,0,0,0,0,1,7793,2017-07-01,http://www.digitalhumanities.org/dhq/vol/11/3/000319/000319.html
1739,61,0,0,0,0,0,0,0,0,0,0,0,2,1,1,15515,2017-07-01,http://www.digitalhumanities.org/dhq/vol/11/3/000322/000322.html
1193,41,0,0,0,0,0,0,0,0,0,0,0,0,0,1,10240,2017-07-01,http://www.digitalhumanities.org/dhq/vol/11/3/000305/000305.html
1887,63,0,0,0,0,0,0,0,0,0,0,0,0,1,0,15732,2017-07-01,http://www.digitalhumanities.org/dhq/vol/11/3/000315/000315.html
914,19,0,0,0,0,0,0,0,0,0,0,0,2,1,2,7732,2017-07-01,http://www.digitalhumanities.org/dhq/vol/11/3/000314/000314.html
242,8,0,0,0,0,0,0,0,0,0,0,0,0,0,0,1897,2017-07-01,http://www.digitalhumanities.org/dhq/vol/11/3/000312/000312.html
1860,63,0,0,0,0,0,0,0,0,0,0,0,1,11,32,15978,2017-07-01,http://www.digitalhumanities.org/dhq/vol/11/3/000310/000310.html
735,21,0,0,0,0,0,0,0,0,0,0,0,2,0,1,6594,2017-07-01,http://www.digitalhumanities.org/dhq/vol/11/3/000306/000306.html
974,48,0,0,0,0,0,0,0,0,0,0,0,0,0,0,7422,2017-07-01,http://www.digitalhumanities.org/dhq/vol/11/3/000320/000320.html
469,15,0,0,0,0,0,0,0,0,0,0,0,0,0,1,3984,2017-07-01,http://www.digitalhumanities.org/dhq/vol/11/3/000304/000304.html
654,27,0,0,0,0,0,0,0,0,0,0,0,0,0,1,5469,2017-07-01,http://www.digitalhumanities.org/dhq/vol/11/3/000316/000316.html
654,23,0,0,0,0,0,0,0,0,0,0,0,1,0,0,5508,2017-07-01,http://www.digitalhumanities.org/dhq/vol/11/3/000318/000318.html
1629,63,0,0,0,0,0,0,0,0,0,0,0,0,0,1,13387,2017-07-01,http://www.digitalhumanities.org/dhq/vol/11/3/000321/000321.html
970,31,0,0,0,0,0,0,0,0,0,0,0,0,0,0,8455,2017-07-01,http://www.digitalhumanities.org/dhq/vol/11/3/000323/000323.html
1899,72,0,0,0,0,0,0,0,0,0,0,0,0,0,0,16501,2017-07-01,http://www.digitalhumanities.org/dhq/vol/11/3/000324/000324.html
281,8,0,0,0,0,0,0,0,0,0,0,0,0,0,0,2271,2017-07-01,http://www.digitalhumanities.org/dhq/vol/11/3/000332/000332.html
1334,76,0,0,0,0,0,0,0,0,0,0,0,1,0,13,10477,2017-07-01,http://www.digitalhumanities.org/dhq/vol/11/3/000333/000333.html
1610,51,0,0,0,0,0,0,0,0,0,0,0,0,0,0,13460,2017-07-01,http://www.digitalhumanities.org/dhq/vol/11/3/000331/000331.html
109,3,0,0,0,0,0,0,0,0,0,0,0,0,0,0,766,2017-07-01,http://www.digitalhumanities.org/dhq/vol/11/3/000335/000335.html
922,25,0,0,0,0,0,0,0,0,0,0,0,0,0,2,7448,2017-07-01,http://www.digitalhumanities.org/dhq/vol/11/3/000325/000325.html
1113,37,0,0,0,0,0,0,0,0,0,0,0,0,0,1,9610,2017-07-01,http://www.digitalhumanities.org/dhq/vol/11/3/000336/000336.html
976,30,0,0,0,0,0,0,0,0,0,0,0,0,0,6,8622,2017-07-01,http://www.digitalhumanities.org/dhq/vol/11/3/000337/000337.html
537,17,0,0,0,0,0,0,0,0,0,0,0,0,0,0,4761,2017-07-01,http://www.digitalhumanities.org/dhq/vol/11/3/000329/000329.html
854,27,0,0,0,0,0,0,0,0,0,0,0,0,0,2,7237,2017-07-01,http://www.digitalhumanities.org/dhq/vol/11/3/000356/000356.html
503,15,0,0,0,0,0,0,0,0,0,0,0,0,0,0,3594,2017-04-01,http://www.digitalhumanities.org/dhq/vol/11/2/000291/000291.html
577,16,0,0,0,0,0,0,0,0,0,0,0,0,0,0,4760,2017-04-01,http://www.digitalhumanities.org/dhq/vol/11/2/000292/000292.html
323,15,0,0,0,0,0,0,0,0,0,0,0,0,0,0,2516,2017-04-01,http://www.digitalhumanities.org/dhq/vol/11/2/000293/000293.html
302,11,0,0,0,0,0,0,0,0,0,0,0,0,0,1,2544,2017-04-01,http://www.digitalhumanities.org/dhq/vol/11/2/000294/000294.html
1114,39,0,0,0,0,0,0,0,0,0,0,0,0,0,2,8627,2017-04-01,http://www.digitalhumanities.org/dhq/vol/11/2/000295/000295.html
596,29,0,0,0,0,0,0,0,0,0,0,0,0,0,3,4791,2017-04-01,http://www.digitalhumanities.org/dhq/vol/11/2/000296/000296.html
543,22,0,0,0,0,0,0,0,0,0,0,0,0,0,1,4166,2017-04-01,http://www.digitalhumanities.org/dhq/vol/11/2/000297/000297.html
736,25,1,0,0,0,0,0,0,0,0,0,0,3,0,1,6268,2017-04-01,http://www.digitalhumanities.org/dhq/vol/11/2/000298/000298.html
700,37,0,0,0,0,0,0,0,0,0,0,0,0,0,0,5619,2017-04-01,http://www.digitalhumanities.org/dhq/vol/11/2/000307/000307.html
386,16,0,0,0,0,0,0,0,0,0,0,0,0,0,0,3197,2017-04-01,http://www.digitalhumanities.org/dhq/vol/11/2/000308/000308.html
908,41,0,0,0,0,0,0,0,0,0,0,0,0,0,1,7318,2017-04-01,http://www.digitalhumanities.org/dhq/vol/11/2/000309/000309.html
1231,49,0,0,0,0,0,0,0,0,0,0,0,1,0,0,9884,2017-04-01,http://www.digitalhumanities.org/dhq/vol/11/2/000288/000288.html
265,12,0,0,0,0,0,0,0,0,0,0,0,0,0,0,2305,2017-04-01,http://www.digitalhumanities.org/dhq/vol/11/2/000290/000290.html
575,21,0,0,0,0,0,0,0,0,0,0,0,0,0,2,4425,2017-04-01,http://www.digitalhumanities.org/dhq/vol/11/2/000285/000285.html
812,24,0,0,0,0,0,0,0,0,0,0,0,25,0,2,6575,2017-04-01,http://www.digitalhumanities.org/dhq/vol/11/2/000289/000289.html
957,29,0,0,0,0,0,0,0,0,0,0,0,2,0,0,7941,2017-04-01,http://www.digitalhumanities.org/dhq/vol/11/2/000300/000300.html
966,40,0,0,0,0,0,0,0,0,0,0,0,0,0,0,7140,2017-04-01,http://www.digitalhumanities.org/dhq/vol/11/2/000299/000299.html
826,34,0,0,0,0,0,0,0,0,0,0,0,0,0,0,6612,2017-04-01,http://www.digitalhumanities.org/dhq/vol/11/2/000317/000317.html
225,6,0,0,0,0,0,0,0,0,0,0,0,0,0,0,1881,2017-04-01,http://www.digitalhumanities.org/dhq/vol/11/2/000360/000360.html
962,10,0,0,0,0,0,0,0,0,0,0,0,0,0,0,7297,2017-01-01,http://www.digitalhumanities.org/dhq/vol/11/1/000276/000276.html
937,31,0,0,0,0,0,0,0,0,0,0,0,1,0,0,8242,2017-01-01,http://www.digitalhumanities.org/dhq/vol/11/1/000283/000283.html
591,28,0,0,0,0,0,0,0,0,0,0,0,0,0,0,4527,2017-01-01,http://www.digitalhumanities.org/dhq/vol/11/1/000282/000282.html
578,24,0,0,0,0,0,0,0,0,0,0,0,1,0,0,4783,2017-01-01,http://www.digitalhumanities.org/dhq/vol/11/1/000284/000284.html
1365,41,0,0,0,0,0,0,0,0,0,0,0,0,1,0,10893,2017-01-01,http://www.digitalhumanities.org/dhq/vol/11/1/000279/000279.html
586,13,0,0,0,0,0,0,0,0,0,0,0,0,0,0,4686,2017-01-01,http://www.digitalhumanities.org/dhq/vol/11/1/000287/000287.html
331,16,0,0,0,0,0,0,0,0,0,0,0,0,0,0,2695,2017-01-01,http://www.digitalhumanities.org/dhq/vol/11/1/000286/000286.html
961,42,0,0,0,2,0,0,0,0,0,0,0,0,0,1,6950,2017-01-01,http://www.digitalhumanities.org/dhq/vol/11/1/000281/000281.html
316,12,0,0,0,0,0,0,0,0,0,0,0,0,0,0,2648,2017-01-01,http://www.digitalhumanities.org/dhq/vol/11/1/000274/000274.html
437,13,0,0,0,0,0,0,0,0,0,0,0,0,0,0,3472,2016-10-01,http://www.digitalhumanities.org/dhq/vol/10/4/000259/000259.html
1398,53,0,0,0,0,0,0,0,0,0,0,0,0,0,0,11925,2016-10-01,http://www.digitalhumanities.org/dhq/vol/10/4/000269/000269.html
968,36,0,0,0,0,0,0,0,0,0,0,0,0,0,0,7710,2016-10-01,http://www.digitalhumanities.org/dhq/vol/10/4/000270/000270.html
1695,69,0,0,0,0,0,0,0,0,0,0,0,0,0,5,14262,2016-10-01,http://www.digitalhumanities.org/dhq/vol/10/4/000268/000268.html
1120,51,0,0,0,0,0,0,0,0,0,0,0,0,0,1,9022,2016-10-01,http://www.digitalhumanities.org/dhq/vol/10/4/000265/000265.html
3231,99,0,0,0,0,0,0,0,0,0,0,0,49,0,0,27163,2016-10-01,http://www.digitalhumanities.org/dhq/vol/10/4/000271/000271.html
577,24,0,0,0,0,0,0,0,0,0,0,0,0,0,3,4464,2016-10-01,http://www.digitalhumanities.org/dhq/vol/10/4/000272/000272.html
727,25,0,0,0,0,0,0,0,0,0,0,0,0,0,0,5837,2016-10-01,http://www.digitalhumanities.org/dhq/vol/10/4/000273/000273.html
682,25,0,0,0,0,0,0,0,0,0,0,0,1,0,0,5360,2016-10-01,http://www.digitalhumanities.org/dhq/vol/10/4/000280/000280.html
421,21,0,0,0,0,0,0,0,0,0,0,0,0,0,0,3649,2016-10-01,http://www.digitalhumanities.org/dhq/vol/10/4/000275/000275.html
299,10,0,0,0,0,0,0,0,0,0,0,0,0,0,0,2280,2016-10-01,http://www.digitalhumanities.org/dhq/vol/10/4/000277/000277.html
151,5,0,0,0,0,0,0,0,0,0,0,0,0,0,0,1145,2016-10-01,http://www.digitalhumanities.org/dhq/vol/10/4/000278/000278.html
1108,41,0,0,0,0,0,0,0,0,0,0,0,0,0,1,8900,2016-07-01,http://www.digitalhumanities.org/dhq/vol/10/3/000261/000261.html
1093,29,0,0,0,0,0,0,0,0,0,0,0,0,0,3,8487,2016-07-01,http://www.digitalhumanities.org/dhq/vol/10/3/000256/000256.html
377,13,0,0,0,0,0,0,0,0,0,0,0,0,1,1,3338,2016-07-01,http://www.digitalhumanities.org/dhq/vol/10/3/000254/000254.html
1336,50,0,0,0,0,0,0,0,0,0,0,0,0,0,0,11362,2016-07-01,http://www.digitalhumanities.org/dhq/vol/10/3/000258/000258.html
1013,34,0,0,0,0,0,0,0,0,0,0,0,0,1,0,8286,2016-07-01,http://www.digitalhumanities.org/dhq/vol/10/3/000262/000262.html
1064,38,0,0,0,0,0,0,0,0,0,0,0,0,0,0,7946,2016-07-01,http://www.digitalhumanities.org/dhq/vol/10/3/000260/000260.html
839,26,0,0,0,0,0,0,0,0,0,0,0,0,0,0,6842,2016-07-01,http://www.digitalhumanities.org/dhq/vol/10/3/000257/000257.html
1045,37,0,0,0,0,0,0,0,0,0,0,0,16,0,0,8722,2016-07-01,http://www.digitalhumanities.org/dhq/vol/10/3/000244/000244.html
1441,52,0,0,0,0,0,0,0,0,0,0,0,0,0,4,11697,2016-07-01,http://www.digitalhumanities.org/dhq/vol/10/3/000263/000263.html
612,19,0,0,0,0,0,0,0,0,0,0,0,0,0,0,4654,2016-07-01,http://www.digitalhumanities.org/dhq/vol/10/3/000264/000264.html
481,17,0,0,0,0,0,0,0,0,0,0,0,0,0,1,3974,2016-07-01,http://www.digitalhumanities.org/dhq/vol/10/3/000267/000267.html
102,4,0,0,0,0,0,0,0,0,0,0,0,0,0,0,737,2016-07-01,http://www.digitalhumanities.org/dhq/vol/10/3/000266/000266.html
3059,120,0,0,0,0,0,0,0,0,0,0,0,4,2,15,26508,2016-04-01,http://www.digitalhumanities.org/dhq/vol/10/2/000253/000253.html
1723,70,0,0,0,0,0,0,0,0,0,0,0,0,1,0,14654,2016-04-01,http://www.digitalhumanities.org/dhq/vol/10/2/000245/000245.html
502,15,0,0,0,1,0,0,0,0,0,0,0,0,0,1,4093,2016-04-01,http://www.digitalhumanities.org/dhq/vol/10/2/000251/000251.html
1371,51,0,0,0,0,0,0,0,0,0,0,0,0,0,2,11486,2016-04-01,http://www.digitalhumanities.org/dhq/vol/10/2/000252/000252.html
585,29,0,0,0,0,0,0,0,0,0,0,0,4,1,2,4761,2016-04-01,http://www.digitalhumanities.org/dhq/vol/10/2/000255/000255.html
1138,51,0,0,0,0,0,0,0,0,0,0,0,0,0,0,9385,2016-04-01,http://www.digitalhumanities.org/dhq/vol/10/2/000247/000247.html
66,2,0,0,0,0,0,0,0,0,0,0,0,0,0,0,465,2016-04-01,http://www.digitalhumanities.org/dhq/vol/10/2/000250/000250.html
154,6,0,0,0,0,0,0,0,0,0,0,0,0,0,0,1228,2016-04-01,http://www.digitalhumanities.org/dhq/vol/10/2/000249/000249.html
2367,85,0,0,0,0,0,0,0,0,0,0,0,1,1,7,20039,2016-04-01,http://www.digitalhumanities.org/dhq/vol/10/2/000248/000248.html
1677,69,0,0,0,0,0,0,0,0,0,0,0,0,0,2,14213,2016-04-01,http://www.digitalhumanities.org/dhq/vol/10/2/000246/000246.html
574,25,0,0,0,0,0,0,0,0,0,0,0,0,0,1,4739,2016-04-01,http://www.digitalhumanities.org/dhq/vol/10/2/000242/000242.html
391,13,0,0,0,0,0,0,0,0,0,0,0,0,0,0,3517,2016-04-01,http://www.digitalhumanities.org/dhq/vol/10/2/000243/000243.html
172,5,0,0,0,0,0,0,0,0,0,0,0,0,0,0,1469,2016-01-01,http://www.digitalhumanities.org/dhq/vol/10/1/000241/000241.html
368,10,0,0,0,0,0,0,0,0,0,0,0,0,0,0,3076,2016-01-01,http://www.digitalhumanities.org/dhq/vol/10/1/000229/000229.html
407,22,0,0,0,0,0,0,0,0,0,0,0,0,0,0,3321,2016-01-01,http://www.digitalhumanities.org/dhq/vol/10/1/000231/000231.html
3755,162,0,0,0,0,0,0,0,0,0,0,0,2,2,19,33943,2016-01-01,http://www.digitalhumanities.org/dhq/vol/10/1/000235/000235.html
879,30,0,0,0,10,0,0,0,0,0,0,0,0,0,1,7574,2016-01-01,http://www.digitalhumanities.org/dhq/vol/10/1/000236/000236.html
506,14,0,0,0,0,0,0,0,0,0,0,0,0,0,2,4371,2016-01-01,http://www.digitalhumanities.org/dhq/vol/10/1/000228/000228.html
1071,31,0,0,0,0,0,0,0,0,0,0,0,0,1,1,8816,2016-01-01,http://www.digitalhumanities.org/dhq/vol/10/1/000233/000233.html
288,12,0,0,0,0,0,0,0,0,0,0,0,0,0,0,2435,2016-01-01,http://www.digitalhumanities.org/dhq/vol/10/1/000239/000239.html
786,29,0,0,0,0,0,0,0,0,0,0,0,0,0,2,6436,2016-01-01,http://www.digitalhumanities.org/dhq/vol/10/1/000240/000240.html
183,10,0,0,0,0,0,0,0,0,0,0,0,0,0,3,1537,2016-01-01,http://www.digitalhumanities.org/dhq/vol/10/1/000238/000238.html
121,5,0,0,0,0,0,0,0,0,0,0,0,0,0,0,964,2016-01-01,http://www.digitalhumanities.org/dhq/vol/10/1/000232/000232.html
133,4,0,0,0,0,0,0,0,0,0,0,0,0,0,1,1095,2016-01-01,http://www.digitalhumanities.org/dhq/vol/10/1/000226/000226.html
2358,68,0,0,0,0,0,0,0,0,0,0,0,0,0,0,19387,2015-10-01,http://www.digitalhumanities.org/dhq/vol/9/4/000210/000210.html
183,9,0,0,0,0,0,0,0,0,0,0,0,0,0,0,1451,2015-10-01,http://www.digitalhumanities.org/dhq/vol/9/4/000234/000234.html
24,2,0,0,0,0,0,0,0,0,0,0,0,0,0,0,253,2015-10-01,http://www.digitalhumanities.org/dhq/vol/9/4/000230/000230.html
894,30,0,0,0,0,0,0,0,0,0,0,0,0,0,1,6147,2015-10-01,http://www.digitalhumanities.org/dhq/vol/9/4/000212/000212.html
870,31,0,0,0,0,0,0,0,0,0,0,0,2,0,1,5952,2015-10-01,http://www.digitalhumanities.org/dhq/vol/9/4/000214/000214.html
1138,42,0,0,0,0,0,0,0,0,0,0,0,0,0,0,9604,2015-10-01,http://www.digitalhumanities.org/dhq/vol/9/4/000225/000225.html
1077,39,0,0,0,0,0,0,0,0,0,0,0,0,0,0,7932,2015-10-01,http://www.digitalhumanities.org/dhq/vol/9/4/000218/000218.html
87,4,0,0,0,0,0,0,0,0,0,0,0,0,0,0,663,2015-10-01,http://www.digitalhumanities.org/dhq/vol/9/4/000220/000220.html
843,33,0,0,0,0,0,0,0,0,0,0,0,0,0,0,7356,2015-07-01,http://www.digitalhumanities.org/dhq/vol/9/3/000227/000227.html
1374,58,0,0,0,0,0,0,0,0,0,0,0,0,0,7,11538,2015-07-01,http://www.digitalhumanities.org/dhq/vol/9/3/000223/000223.html
1727,53,2,0,0,0,0,0,0,0,0,0,0,7,0,3,13870,2015-07-01,http://www.digitalhumanities.org/dhq/vol/9/3/000222/000222.html
1213,33,0,0,0,0,0,0,0,0,0,0,0,1,0,0,10237,2015-07-01,http://www.digitalhumanities.org/dhq/vol/9/3/000224/000224.html
1197,35,0,0,0,0,0,0,0,0,0,0,0,0,0,0,9621,2015-07-01,http://www.digitalhumanities.org/dhq/vol/9/3/000237/000237.html
322,10,0,0,0,0,0,0,0,0,0,0,0,0,0,0,2698,2015-07-01,http://www.digitalhumanities.org/dhq/vol/9/3/000221/000221.html
170,5,0,0,0,0,0,0,0,0,0,0,0,0,0,0,1411,2015-07-01,http://www.digitalhumanities.org/dhq/vol/9/3/000193/000193.html
47,2,0,0,0,0,0,0,0,0,0,0,0,0,0,0,322,2015-04-01,http://www.digitalhumanities.org/dhq/vol/9/2/000217/000217.html
211,5,0,0,0,0,0,0,0,0,0,0,0,0,0,0,1690,2015-04-01,http://www.digitalhumanities.org/dhq/vol/9/2/000200/000200.html
1289,42,0,0,0,0,0,0,0,0,0,0,0,0,0,0,10832,2015-04-01,http://www.digitalhumanities.org/dhq/vol/9/2/000208/000208.html
1105,41,0,0,0,0,0,0,0,0,0,0,0,1,0,2,8055,2015-04-01,http://www.digitalhumanities.org/dhq/vol/9/2/000209/000209.html
1288,50,0,0,0,0,0,0,0,0,0,0,0,0,0,0,9163,2015-04-01,http://www.digitalhumanities.org/dhq/vol/9/2/000201/000201.html
2516,76,0,0,0,0,0,0,0,0,0,0,0,2,1,3,19757,2015-04-01,http://www.digitalhumanities.org/dhq/vol/9/2/000202/000202.html
3644,101,0,0,0,0,0,0,0,0,0,0,0,6,9,1,33582,2015-04-01,http://www.digitalhumanities.org/dhq/vol/9/2/000186/000186.html
60,4,0,0,0,0,0,0,0,0,0,0,0,0,0,1,487,2015-04-01,http://www.digitalhumanities.org/dhq/vol/9/2/000216/000216.html
154,6,0,0,0,0,0,0,0,0,0,0,0,0,0,1,1150,2015-04-01,http://www.digitalhumanities.org/dhq/vol/9/2/000211/000211.html
422,16,0,0,0,0,0,0,0,0,0,0,0,0,1,0,3413,2015-04-01,http://www.digitalhumanities.org/dhq/vol/9/2/000213/000213.html
1383,56,0,0,0,0,0,0,0,0,0,0,0,0,3,0,12018,2015-04-01,http://www.digitalhumanities.org/dhq/vol/9/2/000215/000215.html
92,4,0,0,0,0,0,0,0,0,0,0,0,0,0,2,741,2015-04-01,http://www.digitalhumanities.org/dhq/vol/9/2/000219/000219.html
641,31,0,0,0,0,0,0,0,0,0,0,0,1,0,0,4814,2015-01-01,http://www.digitalhumanities.org/dhq/vol/9/1/000206/000206.html
960,45,0,0,0,0,0,0,0,0,0,0,0,1,0,1,7332,2015-01-01,http://www.digitalhumanities.org/dhq/vol/9/1/000205/000205.html
1037,35,0,0,0,0,0,0,0,0,0,0,0,0,0,2,8352,2015-01-01,http://www.digitalhumanities.org/dhq/vol/9/1/000203/000203.html
722,24,0,0,0,0,0,0,0,0,0,0,0,0,0,0,6613,2015-01-01,http://www.digitalhumanities.org/dhq/vol/9/1/000199/000199.html
506,11,0,0,0,0,0,0,0,0,0,0,0,2,0,0,4049,2015-01-01,http://www.digitalhumanities.org/dhq/vol/9/1/000198/000198.html
1049,36,0,0,0,0,0,0,0,0,0,0,0,0,0,0,8808,2015-01-01,http://www.digitalhumanities.org/dhq/vol/9/1/000204/000204.html
268,7,0,0,0,0,0,0,0,0,0,0,0,1,0,0,2201,2015-01-01,http://www.digitalhumanities.org/dhq/vol/9/1/000207/000207.html
824,27,0,0,0,0,0,0,0,0,0,0,0,0,0,10,6583,2014-10-01,http://www.digitalhumanities.org/dhq/vol/8/4/000190/000190.html
102,3,0,0,0,0,0,0,0,0,0,0,0,0,0,0,830,2014-10-01,http://www.digitalhumanities.org/dhq/vol/8/4/000187/000187.html
515,17,0,0,0,0,0,0,0,0,0,0,0,1,0,0,4357,2014-10-01,http://www.digitalhumanities.org/dhq/vol/8/4/000194/000194.html
312,15,0,0,0,0,0,0,0,0,0,0,0,0,0,0,2779,2014-10-01,http://www.digitalhumanities.org/dhq/vol/8/4/000195/000195.html
1831,58,0,0,0,0,0,0,0,0,0,0,0,0,0,2,15111,2014-10-01,http://www.digitalhumanities.org/dhq/vol/8/4/000196/000196.html
1333,41,0,0,0,0,0,0,0,0,0,0,0,0,0,1,10662,2014-10-01,http://www.digitalhumanities.org/dhq/vol/8/4/000192/000192.html
71,4,0,0,0,0,0,0,0,0,0,0,0,0,0,0,526,2014-10-01,http://www.digitalhumanities.org/dhq/vol/8/4/000197/000197.html
758,32,0,0,0,0,0,0,0,0,0,0,0,19,0,2,6442,2014-07-01,http://www.digitalhumanities.org/dhq/vol/8/3/000184/000184.html
645,18,0,0,0,0,0,0,0,0,0,0,0,0,0,0,4741,2014-07-01,http://www.digitalhumanities.org/dhq/vol/8/3/000182/000182.html
1253,24,0,0,0,0,0,0,0,0,0,0,0,0,0,0,10582,2014-07-01,http://www.digitalhumanities.org/dhq/vol/8/3/000188/000188.html
764,23,0,0,0,0,0,0,0,0,0,0,0,4,0,0,6721,2014-07-01,http://www.digitalhumanities.org/dhq/vol/8/3/000185/000185.html
101,3,0,0,0,0,0,0,0,0,0,0,0,0,0,0,874,2014-07-01,http://www.digitalhumanities.org/dhq/vol/8/3/000189/000189.html
72,4,0,0,0,0,0,0,0,0,0,0,0,0,0,0,565,2014-07-01,http://www.digitalhumanities.org/dhq/vol/8/3/000191/000191.html
338,8,0,0,0,0,0,0,0,0,0,0,0,0,0,0,2886,2014-07-01,http://www.digitalhumanities.org/dhq/vol/8/3/000183/000183.html
464,13,0,0,0,0,0,0,0,0,0,0,0,0,0,1,3759,2014-04-01,http://www.digitalhumanities.org/dhq/vol/8/2/000178/000178.html
2692,114,0,0,0,0,0,0,0,0,0,0,0,1,0,6,22688,2014-04-01,http://www.digitalhumanities.org/dhq/vol/8/2/000169/000169.html
1554,57,0,0,0,0,0,0,0,0,0,0,0,0,1,9,12214,2014-04-01,http://www.digitalhumanities.org/dhq/vol/8/2/000173/000173.html
205,8,0,0,0,0,0,0,0,0,0,0,0,0,0,0,1635,2014-04-01,http://www.digitalhumanities.org/dhq/vol/8/2/000179/000179.html
10899,355,0,0,0,0,0,0,0,0,0,0,0,6,1,10,97368,2014-04-01,http://www.digitalhumanities.org/dhq/vol/8/2/000180/000180.html
721,29,0,0,0,0,0,0,0,0,0,0,0,0,0,0,5689,2014-04-01,http://www.digitalhumanities.org/dhq/vol/8/2/000181/000181.html
134,6,0,0,0,0,0,0,0,0,0,0,0,0,0,0,1103,2014-04-01,http://www.digitalhumanities.org/dhq/vol/8/2/000177/000177.html
1049,35,0,0,0,0,0,0,0,0,0,0,0,1,0,0,9119,2014-01-01,http://www.digitalhumanities.org/dhq/vol/8/1/000170/000170.html
692,17,0,0,0,0,0,0,0,0,0,0,0,0,0,0,5429,2014-01-01,http://www.digitalhumanities.org/dhq/vol/8/1/000174/000174.html
446,19,0,0,0,0,0,0,0,0,0,0,0,0,0,0,3510,2014-01-01,http://www.digitalhumanities.org/dhq/vol/8/1/000176/000176.html
1084,35,0,0,0,0,0,0,0,0,0,0,0,2,1,0,8738,2014-01-01,http://www.digitalhumanities.org/dhq/vol/8/1/000175/000175.html
634,20,0,0,0,0,0,0,0,0,0,0,0,0,0,4,5053,2014-01-01,http://www.digitalhumanities.org/dhq/vol/8/1/000168/000168.html
1795,55,0,0,0,1,0,0,0,0,0,0,0,1,0,6,15229,2014-01-01,http://www.digitalhumanities.org/dhq/vol/8/1/000172/000172.html
285,8,0,0,0,0,0,0,0,0,0,0,0,1,0,0,2212,2014-01-01,http://www.digitalhumanities.org/dhq/vol/8/1/000171/000171.html
6465,162,0,0,0,0,0,0,0,0,0,0,0,1,0,2,53706,2013-07-01,http://www.digitalhumanities.org/dhq/vol/7/3/000165/000165.html
1635,46,0,0,0,0,0,0,0,0,0,0,0,0,0,2,13447,2013-07-01,http://www.digitalhumanities.org/dhq/vol/7/3/000167/000167.html
1137,26,0,0,0,0,0,0,0,0,0,0,0,0,0,6,9153,2013-07-01,http://www.digitalhumanities.org/dhq/vol/7/3/000166/000166.html
1873,48,0,0,0,0,0,0,0,0,0,0,0,0,0,0,16481,2013-07-01,http://www.digitalhumanities.org/dhq/vol/7/3/000162/000162.html
1434,47,0,0,0,0,0,0,0,0,0,0,0,0,0,2,8855,2013-04-01,http://www.digitalhumanities.org/dhq/vol/7/2/000159/000159.html
386,16,0,0,0,0,0,0,0,0,0,0,0,0,0,0,3213,2013-04-01,http://www.digitalhumanities.org/dhq/vol/7/2/000116/000116.html
930,40,0,0,0,0,0,0,0,0,0,0,0,3,1,1,8037,2013-04-01,http://www.digitalhumanities.org/dhq/vol/7/2/000163/000163.html
230,7,0,0,0,0,0,0,0,0,0,0,0,0,0,0,1782,2013-04-01,http://www.digitalhumanities.org/dhq/vol/7/2/000158/000158.html
269,12,0,0,0,0,0,0,0,0,0,0,0,0,0,0,1972,2013-04-01,http://www.digitalhumanities.org/dhq/vol/7/2/000160/000160.html
1674,77,0,0,0,0,0,0,0,0,0,0,0,0,0,1,14749,2013-04-01,http://www.digitalhumanities.org/dhq/vol/7/2/000164/000164.html
1230,45,0,0,0,0,0,0,0,0,0,0,0,1,0,2,10230,2013-01-01,http://www.digitalhumanities.org/dhq/vol/7/1/000154/000154.html
1016,29,0,0,0,0,0,0,0,0,0,0,0,0,0,1,7725,2013-01-01,http://www.digitalhumanities.org/dhq/vol/7/1/000161/000161.html
1117,32,0,0,0,0,0,0,0,0,0,0,0,4,0,1,9339,2013-01-01,http://www.digitalhumanities.org/dhq/vol/7/1/000144/000144.html
1169,39,0,0,0,0,0,0,0,0,0,0,0,7,0,0,9295,2013-01-01,http://www.digitalhumanities.org/dhq/vol/7/1/000148/000148.html
1301,43,0,0,0,0,0,0,0,0,0,0,0,1,0,0,10022,2013-01-01,http://www.digitalhumanities.org/dhq/vol/7/1/000115/000115.html
178,7,0,0,0,0,0,0,0,0,0,0,0,0,0,0,1284,2013-01-01,http://www.digitalhumanities.org/dhq/vol/7/1/000150/000150.html
3,1,0,0,0,0,0,0,0,0,0,0,0,0,0,0,11,2013-01-01,http://www.digitalhumanities.org/dhq/vol/7/1/000151/000151.html
171,5,0,0,0,0,0,0,0,0,0,0,0,0,0,1,1008,2013-01-01,http://www.digitalhumanities.org/dhq/vol/7/1/000149/000149.html
1189,53,0,0,0,0,0,0,0,0,0,0,0,0,0,0,9011,2013-01-01,http://www.digitalhumanities.org/dhq/vol/7/1/000153/000153.html
2052,65,0,0,0,2,0,0,0,0,0,0,0,0,0,18,12908,2013-01-01,http://www.digitalhumanities.org/dhq/vol/7/1/000157/000157.html
1260,35,0,0,0,0,0,0,0,0,0,0,0,0,0,0,10430,2013-01-01,http://www.digitalhumanities.org/dhq/vol/7/1/000152/000152.html
2104,72,0,0,0,0,0,0,0,0,0,0,0,1,0,4,14811,2013-01-01,http://www.digitalhumanities.org/dhq/vol/7/1/000156/000156.html
1142,34,0,0,0,0,0,0,0,0,0,0,0,0,0,2,8845,2013-01-01,http://www.digitalhumanities.org/dhq/vol/7/1/000147/000147.html
1881,95,0,0,0,0,0,0,0,0,0,0,0,0,0,0,14375,2013-01-01,http://www.digitalhumanities.org/dhq/vol/7/1/000155/000155.html
1239,35,0,0,0,0,0,0,0,0,0,0,0,1,1,2,9983,2013-01-01,http://www.digitalhumanities.org/dhq/vol/7/1/000146/000146.html
1145,36,0,0,0,0,0,0,0,0,0,0,0,0,0,1,8737,2013-01-01,http://www.digitalhumanities.org/dhq/vol/7/1/000140/000140.html
191,12,0,0,0,0,0,0,0,0,0,0,0,0,0,0,1457,2013-01-01,http://www.digitalhumanities.org/dhq/vol/7/1/000142/000142.html
65,1,0,0,0,0,0,0,0,0,0,0,0,0,0,0,425,2013-01-01,http://www.digitalhumanities.org/dhq/vol/7/1/000143/000143.html
1145,37,1,0,0,0,0,0,0,0,0,0,0,11,0,3,7112,2013-01-01,http://www.digitalhumanities.org/dhq/vol/7/1/000145/000145.html
624,24,0,0,0,0,0,0,0,0,0,0,0,0,1,6,4988,2013-01-01,http://www.digitalhumanities.org/dhq/vol/7/1/000114/000114.html
160,5,0,0,0,0,0,0,0,0,0,0,0,0,0,0,1040,2012-07-01,http://www.digitalhumanities.org/dhq/vol/6/3/000130/000130.html
304,9,0,0,0,0,0,0,0,0,0,0,0,0,0,0,2021,2012-07-01,http://www.digitalhumanities.org/dhq/vol/6/3/000131/000131.html
436,16,0,0,0,0,0,0,0,0,0,0,0,0,0,0,3463,2012-07-01,http://www.digitalhumanities.org/dhq/vol/6/3/000132/000132.html
513,17,0,0,0,0,0,0,0,0,0,0,0,0,0,0,4170,2012-07-01,http://www.digitalhumanities.org/dhq/vol/6/3/000133/000133.html
387,15,0,0,0,0,0,0,0,0,0,0,0,0,0,0,2495,2012-07-01,http://www.digitalhumanities.org/dhq/vol/6/3/000134/000134.html
344,14,0,0,0,0,0,0,0,0,0,0,0,0,0,1,2774,2012-07-01,http://www.digitalhumanities.org/dhq/vol/6/3/000135/000135.html
422,12,0,0,0,0,0,0,0,0,0,0,0,0,0,0,2832,2012-04-01,http://www.digitalhumanities.org/dhq/vol/6/2/000109/000109.html
4733,162,0,0,0,0,0,0,0,0,0,0,0,1,1,10,29682,2012-04-01,http://www.digitalhumanities.org/dhq/vol/6/2/000120/000120.html
1850,57,0,0,0,0,0,0,0,0,0,0,0,5,0,0,13567,2012-04-01,http://www.digitalhumanities.org/dhq/vol/6/2/000139/000139.html
584,16,0,0,0,0,0,0,0,0,0,0,0,1,0,0,4559,2012-04-01,http://www.digitalhumanities.org/dhq/vol/6/2/000126/000126.html
2486,84,0,0,0,0,0,0,0,0,0,0,0,0,0,1,20522,2012-04-01,http://www.digitalhumanities.org/dhq/vol/6/2/000122/000122.html
921,24,0,0,0,0,0,0,0,0,0,0,0,0,0,0,7186,2012-04-01,http://www.digitalhumanities.org/dhq/vol/6/2/000141/000141.html
248,8,0,0,0,0,0,0,0,0,0,0,0,3,1,0,2147,2012-04-01,http://www.digitalhumanities.org/dhq/vol/6/2/000118/000118.html
294,10,0,0,0,1,0,0,0,0,0,0,0,0,0,1,2119,2012-04-01,http://www.digitalhumanities.org/dhq/vol/6/2/000119/000119.html
383,10,0,0,0,0,0,0,0,0,0,0,0,0,0,0,3029,2012-04-01,http://www.digitalhumanities.org/dhq/vol/6/2/000127/000127.html
903,39,0,0,0,0,0,0,0,0,0,0,0,1,0,0,7042,2012-04-01,http://www.digitalhumanities.org/dhq/vol/6/2/000124/000124.html
1017,32,0,0,0,0,0,0,0,0,0,0,0,0,0,0,8310,2012-04-01,http://www.digitalhumanities.org/dhq/vol/6/2/000129/000129.html
434,14,0,0,0,0,0,0,0,0,0,0,0,0,0,0,3249,2012-04-01,http://www.digitalhumanities.org/dhq/vol/6/2/000137/000137.html
890,26,0,0,0,0,0,0,0,0,0,0,0,0,0,4,6658,2012-04-01,http://www.digitalhumanities.org/dhq/vol/6/2/000121/000121.html
1082,35,0,0,0,0,0,0,0,0,0,0,0,0,0,1,9581,2012-04-01,http://www.digitalhumanities.org/dhq/vol/6/2/000125/000125.html
1039,33,0,0,0,0,0,0,0,0,0,0,0,0,0,44,8405,2012-04-01,http://www.digitalhumanities.org/dhq/vol/6/2/000136/000136.html
1977,54,0,0,0,0,0,0,0,0,0,0,0,0,0,1,15060,2012-04-01,http://www.digitalhumanities.org/dhq/vol/6/2/000138/000138.html
39,3,0,0,0,0,0,0,0,0,0,0,0,0,0,0,292,2012-04-01,http://www.digitalhumanities.org/dhq/vol/6/2/000128/000128.html
598,26,0,0,0,0,0,0,0,0,0,0,0,1,1,0,3659,2012-04-01,http://www.digitalhumanities.org/dhq/vol/6/2/000123/000123.html
640,20,0,0,0,0,0,0,0,0,0,0,0,0,0,0,4659,2012-01-01,http://www.digitalhumanities.org/dhq/vol/6/1/000110/000110.html
1206,41,0,0,0,0,0,0,0,0,0,0,0,0,0,0,9885,2012-01-01,http://www.digitalhumanities.org/dhq/vol/6/1/000117/000117.html
840,27,0,0,0,0,0,0,0,0,0,0,0,0,5,1,6728,2012-01-01,http://www.digitalhumanities.org/dhq/vol/6/1/000112/000112.html
2920,86,0,0,0,0,0,0,0,0,0,0,0,5,0,0,22078,2012-01-01,http://www.digitalhumanities.org/dhq/vol/6/1/000113/000113.html
681,10,0,0,0,0,0,0,0,0,0,0,0,2,0,6,5242,2012-01-01,http://www.digitalhumanities.org/dhq/vol/6/1/000111/000111.html
669,20,0,0,0,0,0,0,0,0,0,0,0,0,0,2,5011,2011-07-01,http://www.digitalhumanities.org/dhq/vol/5/3/000098/000098.html
678,22,0,0,0,0,0,0,0,0,0,0,0,0,0,0,5155,2011-07-01,http://www.digitalhumanities.org/dhq/vol/5/3/000099/000099.html
456,19,0,0,0,0,0,0,0,0,0,0,0,0,0,0,3128,2011-07-01,http://www.digitalhumanities.org/dhq/vol/5/3/000100/000100.html
2307,98,0,0,0,0,0,0,0,0,0,0,0,6,0,0,16969,2011-07-01,http://www.digitalhumanities.org/dhq/vol/5/3/000104/000104.html
1128,29,0,0,0,0,0,0,0,0,0,0,0,0,0,0,8690,2011-07-01,http://www.digitalhumanities.org/dhq/vol/5/3/000103/000103.html
362,9,0,0,0,0,0,0,0,0,0,0,0,4,0,0,2931,2011-07-01,http://www.digitalhumanities.org/dhq/vol/5/3/000105/000105.html
129,3,0,0,0,0,0,0,0,0,0,0,0,0,0,0,889,2011-07-01,http://www.digitalhumanities.org/dhq/vol/5/3/000108/000108.html
687,22,0,0,0,0,0,0,0,0,0,0,0,1,0,0,5654,2011-07-01,http://www.digitalhumanities.org/dhq/vol/5/3/000102/000102.html
7737,257,0,0,0,0,0,0,0,0,0,0,0,8,17,16,60089,2011-07-01,http://www.digitalhumanities.org/dhq/vol/5/3/000107/000107.html
665,32,0,0,0,0,0,0,0,0,0,0,0,0,0,1,5330,2011-07-01,http://www.digitalhumanities.org/dhq/vol/5/3/000106/000106.html
2101,62,0,0,0,0,0,0,0,0,0,0,0,39,0,0,15863,2011-04-01,http://www.digitalhumanities.org/dhq/vol/5/2/000097/000097.html
3253,99,0,0,0,0,0,0,0,0,0,0,0,34,0,0,24900,2011-04-01,http://www.digitalhumanities.org/dhq/vol/5/2/000094/000094.html
1575,50,0,0,0,0,0,0,0,0,0,0,0,0,0,0,12091,2011-04-01,http://www.digitalhumanities.org/dhq/vol/5/2/000092/000092.html
52,4,0,0,0,0,0,0,0,0,0,0,0,2,0,0,375,2011-04-01,http://www.digitalhumanities.org/dhq/vol/5/2/000093/000093.html
107,6,0,0,0,0,0,0,0,0,0,0,0,0,0,0,891,2011-04-01,http://www.digitalhumanities.org/dhq/vol/5/2/000096/000096.html
496,18,0,0,0,0,0,0,0,0,0,0,0,0,13,1,3792,2011-01-01,http://www.digitalhumanities.org/dhq/vol/5/1/000090/000090.html
1253,45,0,0,0,0,0,0,0,0,0,0,0,0,0,5,9189,2011-01-01,http://www.digitalhumanities.org/dhq/vol/5/1/000091/000091.html
1743,60,0,0,0,0,0,0,0,0,0,0,0,0,0,0,12423,2011-01-01,http://www.digitalhumanities.org/dhq/vol/5/1/000101/000101.html
116,4,0,0,0,0,0,0,0,0,0,0,0,0,0,0,762,2011-01-01,http://www.digitalhumanities.org/dhq/vol/5/1/000095/000095.html
1526,53,0,0,0,0,0,0,0,0,0,0,0,0,2,51,11357,2010-04-01,http://www.digitalhumanities.org/dhq/vol/4/2/000083/000083.html
516,22,0,0,0,0,0,0,0,0,0,0,0,0,0,1,3960,2010-04-01,http://www.digitalhumanities.org/dhq/vol/4/2/000086/000086.html
1725,41,0,0,0,0,0,0,0,0,0,0,0,0,1,0,14506,2010-04-01,http://www.digitalhumanities.org/dhq/vol/4/2/000089/000089.html
155,2,0,0,0,0,0,0,0,0,0,0,0,0,0,0,1001,2010-04-01,http://www.digitalhumanities.org/dhq/vol/4/2/000085/000085.html
199,7,0,0,0,0,0,0,0,0,0,0,0,0,0,0,1538,2010-04-01,http://www.digitalhumanities.org/dhq/vol/4/2/000088/000088.html
545,18,0,0,0,0,0,0,0,0,0,0,0,0,2,0,4253,2010-01-01,http://www.digitalhumanities.org/dhq/vol/4/1/000080/000080.html
986,37,0,0,0,0,0,0,0,0,0,0,0,0,0,1,7356,2010-01-01,http://www.digitalhumanities.org/dhq/vol/4/1/000081/000081.html
1335,43,0,0,0,0,0,0,0,0,0,0,0,0,0,0,10014,2010-01-01,http://www.digitalhumanities.org/dhq/vol/4/1/000082/000082.html
199,5,0,0,0,0,0,0,0,0,0,0,0,0,1,0,1641,2010-01-01,http://www.digitalhumanities.org/dhq/vol/4/1/000084/000084.html
165,7,0,0,0,0,0,0,0,0,0,0,0,1,0,0,1089,2010-01-01,http://www.digitalhumanities.org/dhq/vol/4/1/000087/000087.html
253,6,0,0,0,0,0,0,0,0,0,0,0,1,3,0,2087,2009-10-01,http://www.digitalhumanities.org/dhq/vol/3/4/000079/000079.html
816,26,0,0,0,0,0,0,0,0,0,0,0,1,0,1,5528,2009-10-01,http://www.digitalhumanities.org/dhq/vol/3/4/000070/000070.html
863,24,0,0,0,0,0,0,0,0,0,0,0,1,0,5,6744,2009-10-01,http://www.digitalhumanities.org/dhq/vol/3/4/000071/000071.html
1378,51,0,0,0,0,0,0,0,0,0,0,0,3,0,1,9505,2009-10-01,http://www.digitalhumanities.org/dhq/vol/3/4/000072/000072.html
5,1,0,0,0,0,0,0,0,0,0,0,0,0,0,0,28,2009-10-01,http://www.digitalhumanities.org/dhq/vol/3/4/000073/000073.html
268,7,0,0,0,0,0,0,0,0,0,0,0,0,1,0,1708,2009-10-01,http://www.digitalhumanities.org/dhq/vol/3/4/000074/000074.html
828,31,0,0,0,0,0,0,0,0,0,0,0,2,0,3,6618,2009-10-01,http://www.digitalhumanities.org/dhq/vol/3/4/000076/000076.html
712,28,0,0,0,0,0,0,0,0,0,0,0,1,0,0,4725,2009-10-01,http://www.digitalhumanities.org/dhq/vol/3/4/000078/000078.html
961,59,0,0,0,0,0,0,0,0,0,0,0,0,0,4,7321,2009-10-01,http://www.digitalhumanities.org/dhq/vol/3/4/000068/000068.html
1213,40,0,0,0,0,0,0,0,0,0,0,0,0,0,1,9219,2009-10-01,http://www.digitalhumanities.org/dhq/vol/3/4/000069/000069.html
740,26,0,0,0,0,0,0,0,0,0,0,0,0,0,21,4987,2009-10-01,http://www.digitalhumanities.org/dhq/vol/3/4/000075/000075.html
353,15,0,0,0,0,0,0,0,0,0,0,0,0,2,0,2550,2009-10-01,http://www.digitalhumanities.org/dhq/vol/3/4/000077/000077.html
200,5,0,0,0,0,0,0,0,0,0,0,0,0,0,0,1414,2009-07-01,http://www.digitalhumanities.org/dhq/vol/3/3/000050/000050.html
222,12,0,0,0,0,0,0,0,0,0,0,0,0,0,0,1488,2009-07-01,http://www.digitalhumanities.org/dhq/vol/3/3/000051/000051.html
623,27,0,0,0,0,0,0,0,0,0,0,0,1,0,0,4024,2009-07-01,http://www.digitalhumanities.org/dhq/vol/3/3/000052/000052.html
2083,67,0,0,0,0,0,0,0,0,0,0,0,0,0,0,15662,2009-07-01,http://www.digitalhumanities.org/dhq/vol/3/3/000053/000053.html
1247,39,0,0,0,0,0,0,0,0,0,0,0,1,0,7,7754,2009-07-01,http://www.digitalhumanities.org/dhq/vol/3/3/000054/000054.html
2270,63,0,0,0,0,0,0,0,0,0,0,0,0,0,15,17262,2009-07-01,http://www.digitalhumanities.org/dhq/vol/3/3/000055/000055.html
349,11,0,0,0,0,0,0,0,0,0,0,0,0,0,0,2691,2009-07-01,http://www.digitalhumanities.org/dhq/vol/3/3/000056/000056.html
426,17,0,0,0,0,0,0,0,0,0,0,0,0,0,0,3195,2009-07-01,http://www.digitalhumanities.org/dhq/vol/3/3/000057/000057.html
318,6,0,0,0,0,0,0,0,0,0,0,0,0,0,2,2323,2009-07-01,http://www.digitalhumanities.org/dhq/vol/3/3/000058/000058.html
400,16,0,0,0,0,0,0,0,0,0,0,0,1,0,4,3160,2009-07-01,http://www.digitalhumanities.org/dhq/vol/3/3/000059/000059.html
356,15,0,0,0,0,0,0,0,0,0,0,0,0,0,0,2797,2009-07-01,http://www.digitalhumanities.org/dhq/vol/3/3/000060/000060.html
478,18,0,0,0,0,0,0,0,0,0,0,0,0,0,1,3839,2009-07-01,http://www.digitalhumanities.org/dhq/vol/3/3/000061/000061.html
157,5,0,0,0,0,0,0,0,0,0,0,0,0,0,0,1272,2009-07-01,http://www.digitalhumanities.org/dhq/vol/3/3/000062/000062.html
1002,36,0,0,0,0,0,0,0,0,0,0,0,0,0,0,7322,2009-07-01,http://www.digitalhumanities.org/dhq/vol/3/3/000063/000063.html
1301,42,0,0,0,0,0,0,0,0,0,0,0,0,3,2,10348,2009-07-01,http://www.digitalhumanities.org/dhq/vol/3/3/000064/000064.html
540,18,0,0,0,0,0,0,0,0,0,0,0,1,3,2,4347,2009-07-01,http://www.digitalhumanities.org/dhq/vol/3/3/000065/000065.html
12129,474,0,0,0,0,0,0,0,0,0,0,0,1,0,7,72859,2009-07-01,http://www.digitalhumanities.org/dhq/vol/3/3/000066/000066.html
480,18,0,0,0,0,0,0,0,0,0,0,0,0,0,0,3532,2009-07-01,http://www.digitalhumanities.org/dhq/vol/3/3/000067/000067.html
87,12,0,0,0,0,0,0,0,0,0,0,0,0,0,0,579,2009-04-01,http://www.digitalhumanities.org/dhq/vol/3/2/000037/000037.html
255,7,0,0,0,0,0,0,0,0,0,0,0,0,0,0,1637,2009-04-01,http://www.digitalhumanities.org/dhq/vol/3/2/000038/000038.html
815,28,0,0,0,0,0,0,0,0,0,0,0,1,0,0,6271,2009-04-01,http://www.digitalhumanities.org/dhq/vol/3/2/000039/000039.html
911,30,0,0,0,0,0,0,0,0,0,0,0,0,0,0,6991,2009-04-01,http://www.digitalhumanities.org/dhq/vol/3/2/000040/000040.html
193,6,0,0,0,0,0,0,0,0,0,0,0,0,0,0,1469,2009-04-01,http://www.digitalhumanities.org/dhq/vol/3/2/000041/000041.html
363,11,0,0,0,0,0,0,0,0,0,0,0,0,0,0,2374,2009-04-01,http://www.digitalhumanities.org/dhq/vol/3/2/000042/000042.html
554,19,0,0,0,0,0,0,0,0,0,0,0,0,0,5,3853,2009-04-01,http://www.digitalhumanities.org/dhq/vol/3/2/000043/000043.html
652,24,0,0,0,0,0,0,0,0,0,0,0,0,0,0,5239,2009-04-01,http://www.digitalhumanities.org/dhq/vol/3/2/000044/000044.html
966,28,0,0,0,0,0,0,0,0,0,0,0,0,0,6,7299,2009-04-01,http://www.digitalhumanities.org/dhq/vol/3/2/000045/000045.html
1992,45,0,0,0,0,0,0,0,0,0,0,0,2,0,0,12727,2009-04-01,http://www.digitalhumanities.org/dhq/vol/3/2/000046/000046.html
122,5,0,0,0,0,0,0,0,0,0,0,0,0,0,0,856,2009-04-01,http://www.digitalhumanities.org/dhq/vol/3/2/000047/000047.html
1349,45,0,0,0,0,0,0,0,0,0,0,0,3,0,2,10625,2009-04-01,http://www.digitalhumanities.org/dhq/vol/3/2/000049/000049.html
162,7,0,0,0,0,0,0,0,0,0,0,0,0,0,0,1183,2009-04-01,http://www.digitalhumanities.org/dhq/vol/3/2/000048/000048.html
111,3,0,0,0,0,0,0,0,0,0,0,0,0,1,0,650,2009-01-01,http://www.digitalhumanities.org/dhq/vol/3/1/000021/000021.html
38,1,0,0,0,0,0,0,0,0,0,0,0,0,0,0,256,2009-01-01,http://www.digitalhumanities.org/dhq/vol/3/1/000022/000022.html
26,2,0,0,0,0,0,0,0,0,0,0,0,0,0,0,160,2009-01-01,http://www.digitalhumanities.org/dhq/vol/3/1/000036/000036.html
1120,39,0,0,0,0,0,0,0,0,0,0,0,0,0,0,8304,2009-01-01,http://www.digitalhumanities.org/dhq/vol/3/1/000023/000023.html
1399,39,0,0,0,1,0,0,0,0,0,0,0,0,0,0,10386,2009-01-01,http://www.digitalhumanities.org/dhq/vol/3/1/000024/000024.html
576,26,0,0,0,0,0,0,0,0,0,0,0,0,0,1,3597,2009-01-01,http://www.digitalhumanities.org/dhq/vol/3/1/000025/000025.html
855,25,0,0,0,0,0,0,0,0,0,0,0,0,0,1,5846,2009-01-01,http://www.digitalhumanities.org/dhq/vol/3/1/000026/000026.html
648,27,0,0,0,1,0,0,0,0,0,0,0,0,0,0,4772,2009-01-01,http://www.digitalhumanities.org/dhq/vol/3/1/000027/000027.html
323,7,0,0,0,0,0,0,0,0,0,0,0,1,1,0,2068,2009-01-01,http://www.digitalhumanities.org/dhq/vol/3/1/000028/000028.html
550,18,0,0,0,0,0,0,0,0,0,0,0,0,0,0,4146,2009-01-01,http://www.digitalhumanities.org/dhq/vol/3/1/000029/000029.html
2829,110,0,0,0,39,0,0,0,0,0,0,0,0,0,1,18972,2009-01-01,http://www.digitalhumanities.org/dhq/vol/3/1/000030/000030.html
670,29,0,0,0,0,0,0,0,0,0,0,0,1,0,0,4874,2009-01-01,http://www.digitalhumanities.org/dhq/vol/3/1/000031/000031.html
442,16,0,0,0,0,0,0,0,0,0,0,0,0,0,0,3024,2009-01-01,http://www.digitalhumanities.org/dhq/vol/3/1/000032/000032.html
650,17,0,0,0,0,0,0,0,0,0,0,0,0,3,1,4816,2009-01-01,http://www.digitalhumanities.org/dhq/vol/3/1/000033/000033.html
1564,55,0,0,0,0,0,0,0,0,0,0,0,0,1,3,11935,2009-01-01,http://www.digitalhumanities.org/dhq/vol/3/1/000034/000034.html
4051,134,0,0,0,0,0,0,0,0,0,0,0,1,4,3,31429,2009-01-01,http://www.digitalhumanities.org/dhq/vol/3/1/000035/000035.html
117,7,0,0,0,0,0,0,0,0,0,0,0,0,0,0,720,2008-01-01,http://www.digitalhumanities.org/dhq/vol/2/1/000020/000020.html
1015,43,0,0,0,0,0,0,0,0,0,0,0,1,0,1,7960,2008-01-01,http://www.digitalhumanities.org/dhq/vol/2/1/000015/000015.html
227,8,0,0,0,0,0,0,0,0,0,0,0,0,0,0,1477,2008-01-01,http://www.digitalhumanities.org/dhq/vol/2/1/000016/000016.html
841,39,0,0,0,0,0,0,0,0,0,0,0,0,0,2,6523,2008-01-01,http://www.digitalhumanities.org/dhq/vol/2/1/000019/000019.html
523,22,0,0,0,0,0,0,0,0,0,0,0,3,0,0,4134,2008-01-01,http://www.digitalhumanities.org/dhq/vol/2/1/000017/000017.html
546,18,0,0,0,0,0,0,0,0,0,0,0,0,0,1,3751,2008-01-01,http://www.digitalhumanities.org/dhq/vol/2/1/000018/000018.html
105,5,0,0,0,0,0,0,0,0,0,0,0,0,0,0,759,2007-04-01,http://www.digitalhumanities.org/dhq/vol/1/2/000013/000013.html
3995,128,0,0,0,0,0,0,0,0,0,0,0,1,0,0,28748,2007-04-01,http://www.digitalhumanities.org/dhq/vol/1/2/000009/000009.html
5929,166,0,0,0,0,0,0,0,0,0,0,0,1,0,6,40904,2007-04-01,http://www.digitalhumanities.org/dhq/vol/1/2/000010/000010.html
1205,37,0,0,0,0,0,0,0,0,0,0,0,2,2,1,9429,2007-04-01,http://www.digitalhumanities.org/dhq/vol/1/2/000011/000011.html
481,15,0,0,0,0,0,0,0,0,0,0,0,0,0,0,3684,2007-04-01,http://www.digitalhumanities.org/dhq/vol/1/2/000012/000012.html
957,43,0,0,0,0,0,0,0,0,0,0,0,0,0,2,6315,2007-04-01,http://www.digitalhumanities.org/dhq/vol/1/2/000014/000014.html
128,6,0,0,0,0,0,0,0,0,0,0,0,0,0,0,829,2007-01-01,http://www.digitalhumanities.org/dhq/vol/1/1/000007/000007.html
3308,94,0,0,0,0,0,0,0,0,0,0,0,0,0,0,24900,2007-01-01,http://www.digitalhumanities.org/dhq/vol/1/1/000002/000002.html
1257,44,0,0,0,0,0,0,0,0,0,0,0,0,0,2,10077,2007-01-01,http://www.digitalhumanities.org/dhq/vol/1/1/000003/000003.html
217,9,0,0,0,0,0,0,0,0,0,0,0,0,0,0,1880,2007-01-01,http://www.digitalhumanities.org/dhq/vol/1/1/000004/000004.html
365,11,0,0,0,0,0,0,0,0,0,0,0,0,0,3,2526,2007-01-01,http://www.digitalhumanities.org/dhq/vol/1/1/000005/000005.html
183,4,0,0,0,0,0,0,0,0,0,0,0,0,0,0,1316,2007-01-01,http://www.digitalhumanities.org/dhq/vol/1/1/000008/000008.html
132,4,0,0,0,0,0,0,0,0,0,0,0,0,0,0,936,2007-01-01,http://www.digitalhumanities.org/dhq/vol/1/1/000006/000006.html
302,14,0,0,0,0,0,0,0,0,0,0,0,0,0,0,2013,2007-01-01,http://www.digitalhumanities.org/dhq/vol/1/1/000001/000001.html
